8700100,オオイタケン,オオイタシ,イカニケイサイガナイバアイ,大分県,大分市,以下に掲載がない場合
8700278,オオイタケン,オオイタシ,アオサキ,大分県,大分市,青崎
8700875,オオイタケン,オオイタシ,アオバダイ,大分県,大分市,青葉台
8700908,オオイタケン,オオイタシ,アオバマチ,大分県,大分市,青葉町
8700317,オオイタケン,オオイタシ,アカガワ,大分県,大分市,丹川
8700857,オオイタケン,オオイタシ,アケガワラ,大分県,大分市,明磧
8700860,オオイタケン,オオイタシ,アケガワラマチ,大分県,大分市,明磧町
8700165,オオイタケン,オオイタシ,アケノキタ,大分県,大分市,明野北
8700166,オオイタケン,オオイタシ,アケノキタマチ,大分県,大分市,明野北町
8700167,オオイタケン,オオイタシ,アケノコウヨウダイ,大分県,大分市,明野紅陽台
8700162,オオイタケン,オオイタシ,アケノタカオ,大分県,大分市,明野高尾
8700169,オオイタケン,オオイタシ,アケノタカジョウ,大分県,大分市,明野高城
8700164,オオイタケン,オオイタシ,アケノニシ,大分県,大分市,明野西
8700168,オオイタケン,オオイタシ,アケノハイツ,大分県,大分市,明野ハイツ
8700161,オオイタケン,オオイタシ,アケノヒガシ,大分県,大分市,明野東
8700163,オオイタケン,オオイタシ,アケノミナミ,大分県,大分市,明野南
8700273,オオイタケン,オオイタシ,アケボノダイ,大分県,大分市,曙台
8700884,オオイタケン,オオイタシ,アサヒマチ,大分県,大分市,旭町
8700014,オオイタケン,オオイタシ,アシザキ,大分県,大分市,芦崎
8700858,オオイタケン,オオイタシ,アマガセ,大分県,大分市,尼が瀬
8797504,オオイタケン,オオイタシ,アンドウ,大分県,大分市,安藤
8700113,オオイタケン,オオイタシ,イエジマ,大分県,大分市,家島
8700003,オオイタケン,オオイタシ,イクシ,大分県,大分市,生石
8700001,オオイタケン,オオイタシ,イクシミナトマチ,大分県,大分市,生石港町
8700041,オオイタケン,オオイタシ,イズミマチ,大分県,大分市,泉町
8701151,オオイタケン,オオイタシ,イチ,大分県,大分市,市
8700316,オオイタケン,オオイタシ,イチギ,大分県,大分市,一木
8700312,オオイタケン,オオイタシ,イチノオ,大分県,大分市,市尾
8700112,オオイタケン,オオイタシ,イチノス,大分県,大分市,一の洲
8792203,オオイタケン,オオイタシ,イッシャクヤ,大分県,大分市,一尺屋
8700134,オオイタケン,オオイタシ,イノ,大分県,大分市,猪野
8701223,オオイタケン,オオイタシ,イマイチ,大分県,大分市,今市
8700938,オオイタケン,オオイタシ,イマヅル,大分県,大分市,今津留
8701202,オオイタケン,オオイタシ,イリクラ,大分県,大分市,入蔵
8700936,オオイタケン,オオイタシ,イワタマチ,大分県,大分市,岩田町
8700886,オオイタケン,オオイタシ,ウエダマチ,大分県,大分市,上田町
8700835,オオイタケン,オオイタシ,ウエノガオカ,大分県,大分市,上野丘
8700833,オオイタケン,オオイタシ,ウエノガオカヒガシ,大分県,大分市,上野丘東
8700834,オオイタケン,オオイタシ,ウエノガオカニシ,大分県,大分市,上野丘西
8700832,オオイタケン,オオイタシ,ウエノマチ,大分県,大分市,上野町
8797885,オオイタケン,オオイタシ,ウメガオカ,大分県,大分市,梅が丘
8700956,オオイタケン,オオイタシ,ウラカワダンチ,大分県,大分市,裏川団地
8700889,オオイタケン,オオイタシ,エノクマ,大分県,大分市,荏隈
8700891,オオイタケン,オオイタシ,エノクママチ,大分県,大分市,荏隈町
8700322,オオイタケン,オオイタシ,エビスマチ,大分県,大分市,恵比寿町
8700819,オオイタケン,オオイタシ,オウジシンマチ,大分県,大分市,王子新町
8700006,オオイタケン,オオイタシ,オウジナカマチ,大分県,大分市,王子中町
8700004,オオイタケン,オオイタシ,オウジミナトマチ,大分県,大分市,王子港町
8700008,オオイタケン,オオイタシ,オウジニシマチ,大分県,大分市,王子西町
8700007,オオイタケン,オオイタシ,オウジミナミマチ,大分県,大分市,王子南町
8700005,オオイタケン,オオイタシ,オウジキタマチ,大分県,大分市,王子北町
8700813,オオイタケン,オオイタシ,オウジヤマノテマチ,大分県,大分市,王子山の手町
8700009,オオイタケン,オオイタシ,オウジマチ,大分県,大分市,王子町
8700321,オオイタケン,オオイタシ,オウノセ,大分県,大分市,王ノ瀬
8700851,オオイタケン,オオイタシ,オオイシマチ,大分県,大分市,大石町
8700319,オオイタケン,オオイタシ,オオイタリュウツウギョウムダンチ,大分県,大分市,大分流通業務団地
8700806,オオイタケン,オオイタシ,オオクボ,大分県,大分市,大久保
8700266,オオイタケン,オオイタシ,オオザイ,大分県,大分市,大在
8700245,オオイタケン,オオイタシ,オオザイキタ,大分県,大分市,大在北
8700251,オオイタケン,オオイタシ,オオザイチュウオウ,大分県,大分市,大在中央
8700252,オオイタケン,オオイタシ,オオザイハマ,大分県,大分市,大在浜
8700906,オオイタケン,オオイタシ,オオスハマ,大分県,大分市,大州浜
8701125,オオイタケン,オオイタシ,オオゾノダンチ,大分県,大分市,大園団地
8701214,オオイタケン,オオイタシ,オオタ,大分県,大分市,太田
8700907,オオイタケン,オオイタシ,オオツマチ,大分県,大分市,大津町
8700123,オオイタケン,オオイタシ,オオツル,大分県,大分市,大津留
8700022,オオイタケン,オオイタシ,オオテマチ,大分県,大分市,大手町
8792114,オオイタケン,オオイタシ,オオヒラ,大分県,大分市,大平
8700822,オオイタケン,オオイタシ,オオミチマチ,大分県,大分市,大道町
8700158,オオイタケン,オオイタシ,オカ,大分県,大分市,岡
8701131,オオイタケン,オオイタシ,オカガワ,大分県,大分市,岡川
8700159,オオイタケン,オオイタシ,オカシンマチ,大分県,大分市,岡新町
8701165,オオイタケン,オオイタシ,オギノダイ,大分県,大分市,雄城台
8701164,オオイタケン,オオイタシ,オギノダイチュウオウ,大分県,大分市,雄城台中央
8797881,オオイタケン,オオイタシ,オク,大分県,大分市,奥
8701121,オオイタケン,オオイタシ,オシノ,大分県,大分市,鴛野
8700144,オオイタケン,オオイタシ,オトヅ,大分県,大分市,乙津
8700145,オオイタケン,オオイタシ,オトヅマチ,大分県,大分市,乙津町
8700146,オオイタケン,オオイタシ,オトヅミナトマチ,大分県,大分市,乙津港町
8700114,オオイタケン,オオイタシ,オナカシマ,大分県,大分市,小中島
8701171,オオイタケン,オオイタシ,オニザキ,大分県,大分市,鬼崎
8701153,オオイタケン,オオイタシ,オノヅル,大分県,大分市,小野鶴
8701156,オオイタケン,オオイタシ,オノツルシンマチ,大分県,大分市,小野鶴新町
8701150,オオイタケン,オオイタシ,オノツルミナミ,大分県,大分市,小野鶴南
8700107,オオイタケン,オオイタシ,カイワラ,大分県,大分市,海原
8700877,オオイタケン,オオイタシ,カク,大分県,大分市,賀来
8700848,オオイタケン,オオイタシ,カクキタ,大分県,大分市,賀来北
8700892,オオイタケン,オオイタシ,カクシンカワ,大分県,大分市,賀来新川
8700850,オオイタケン,オオイタシ,カクニシ,大分県,大分市,賀来西
8700849,オオイタケン,オオイタシ,カクミナミ,大分県,大分市,賀来南
8700011,オオイタケン,オオイタシ,カスガウラ,大分県,大分市,春日浦
8700943,オオイタケン,オオイタシ,カタシマ,大分県,大分市,片島
8700949,オオイタケン,オオイタシ,カタシマダイ,大分県,大分市,かたしま台
8700133,オオイタケン,オオイタシ,カツラギ,大分県,大分市,葛木
8700026,オオイタケン,オオイタシ,カナイケマチ,大分県,大分市,金池町
8700839,オオイタケン,オオイタシ,カナイケミナミ,大分県,大分市,金池南
8700831,オオイタケン,オオイタシ,カナメマチ,大分県,大分市,要町
8700879,オオイタケン,オオイタシ,カナヤザコ,大分県,大分市,金谷迫
8700926,オオイタケン,オオイタシ,カノウ,大分県,大分市,加納
8700817,オオイタケン,オオイタシ,カミカスガマチ,大分県,大分市,上春日町
8700805,オオイタケン,オオイタシ,カミシラキ,大分県,大分市,上白木
8701215,オオイタケン,オオイタシ,カミツメ,大分県,大分市,上詰
8701111,オオイタケン,オオイタシ,カミハンダ,大分県,大分市,上判田
8797764,オオイタケン,オオイタシ,カミヘツギ,大分県,大分市,上戸次
8701152,オオイタケン,オオイタシ,カミムナカタ,大分県,大分市,上宗方
8701167,オオイタケン,オオイタシ,カミムナカタミナミ,大分県,大分市,上宗方南
8700808,オオイタケン,オオイタシ,カミヤハタ,大分県,大分市,上八幡
8797503,オオイタケン,オオイタシ,カワラウチ,大分県,大分市,河原内
8792113,オオイタケン,オオイタシ,キサガミ,大分県,大分市,木佐上
8700927,オオイタケン,オオイタシ,キタシモゴオリ,大分県,大分市,北下郡
8700102,オオイタケン,オオイタシ,キタツルサキ,大分県,大分市,北鶴崎
8700311,オオイタケン,オオイタシ,キダ,大分県,大分市,木田
8700809,オオイタケン,オオイタシ,キチョウバル,大分県,大分市,机張原
8701161,オオイタケン,オオイタシ,キノウエ,大分県,大分市,木上
8701169,オオイタケン,オオイタシ,キノウエダイ,大分県,大分市,木上台
8700870,オオイタケン,オオイタシ,キノサカ,大分県,大分市,季の坂
8700959,オオイタケン,オオイタシ,キボウガオカ,大分県,大分市,希望が丘
8700129,オオイタケン,オオイタシ,キョウガオカミナミ,大分県,大分市,京が丘南
8701162,オオイタケン,オオイタシ,クチド,大分県,大分市,口戸
8700314,オオイタケン,オオイタシ,クド,大分県,大分市,久土
8700304,オオイタケン,オオイタシ,クバル,大分県,大分市,久原
8700324,オオイタケン,オオイタシ,クバルキタ,大分県,大分市,久原北
8700325,オオイタケン,オオイタシ,クバルチュウオウ,大分県,大分市,久原中央
8700326,オオイタケン,オオイタシ,クバルミナミ,大分県,大分市,久原南
8700124,オオイタケン,オオイタシ,ケイ,大分県,大分市,毛井
8797762,オオイタケン,オオイタシ,ケヤキダイ,大分県,大分市,けやき台
8700025,オオイタケン,オオイタシ,ケントクマチ,大分県,大分市,顕徳町
8700147,オオイタケン,オオイタシ,コイケバル,大分県,大分市,小池原
8700173,オオイタケン,オオイタシ,コウエンドオリ,大分県,大分市,公園通り
8700174,オオイタケン,オオイタシ,コウエンドオリニシ,大分県,大分市,公園通り西
8700935,オオイタケン,オオイタシ,コガヅル,大分県,大分市,古ケ鶴
8700864,オオイタケン,オオイタシ,コクブ,大分県,大分市,国分
8700869,オオイタケン,オオイタシ,コクブシンマチ,大分県,大分市,国分新町
8700863,オオイタケン,オオイタシ,コクブダイ,大分県,大分市,国分台
8700865,オオイタケン,オオイタシ,コクブダンチ,大分県,大分市,国分団地
8700327,オオイタケン,オオイタシ,コザイ,大分県,大分市,小佐井
8700036,オオイタケン,オオイタシ,コトブキマチ,大分県,大分市,寿町
8701134,オオイタケン,オオイタシ,コバルダンチ,大分県,大分市,小原団地
8700302,オオイタケン,オオイタシ,サカノイチ,大分県,大分市,坂ノ市
8700307,オオイタケン,オオイタシ,サカノイチチュウオウ,大分県,大分市,坂ノ市中央
8700309,オオイタケン,オオイタシ,サカノイチニシ,大分県,大分市,坂ノ市西
8700308,オオイタケン,オオイタシ,サカノイチミナミ,大分県,大分市,坂ノ市南
8792201,オオイタケン,オオイタシ,サガノセキ,大分県,大分市,佐賀関
8700838,オオイタケン,オオイタシ,サクラガオカ,大分県,大分市,桜ケ丘
8700272,オオイタケン,オオイタシ,サコ,大分県,大分市,迫
8700303,オオイタケン,オオイタシ,サト,大分県,大分市,里
8700315,オオイタケン,オオイタシ,サノ,大分県,大分市,佐野
8701212,オオイタケン,オオイタシ,サワタ,大分県,大分市,沢田
8701120,オオイタケン,オオイタシ,サンシャインシキド,大分県,大分市,サンシャインしきど
8700829,オオイタケン,オオイタシ,シイザコ,大分県,大分市,椎迫
8700253,オオイタケン,オオイタシ,シオミ,大分県,大分市,汐見
8701122,オオイタケン,オオイタシ,シキド,大分県,大分市,敷戸
8701107,オオイタケン,オオイタシ,シキドエキキタマチ,大分県,大分市,敷戸駅北町
8701102,オオイタケン,オオイタシ,シキドシンマチ,大分県,大分市,敷戸新町
8701106,オオイタケン,オオイタシ,シキドダイ,大分県,大分市,敷戸台
8701104,オオイタケン,オオイタシ,シキドヒガシマチ,大分県,大分市,敷戸東町
8701103,オオイタケン,オオイタシ,シキドニシマチ,大分県,大分市,敷戸西町
8701105,オオイタケン,オオイタシ,シキドミナミマチ,大分県,大分市,敷戸南町
8701101,オオイタケン,オオイタシ,シキドキタマチ,大分県,大分市,敷戸北町
8797884,オオイタケン,オオイタシ,シツル,大分県,大分市,志津留
8700821,オオイタケン,オオイタシ,シテ,大分県,大分市,志手
8700261,オオイタケン,オオイタシ,シムラ,大分県,大分市,志村
8700952,オオイタケン,オオイタシ,シモゴウリキタ,大分県,大分市,下郡北
8700954,オオイタケン,オオイタシ,シモゴウリチュウオウ,大分県,大分市,下郡中央
8700953,オオイタケン,オオイタシ,シモゴウリヒガシ,大分県,大分市,下郡東
8700955,オオイタケン,オオイタシ,シモゴウリミナミ,大分県,大分市,下郡南
8700961,オオイタケン,オオイタシ,シモゴウリヤマノテ,大分県,大分市,下郡山の手
8700951,オオイタケン,オオイタシ,シモゴオリ,大分県,大分市,下郡
8700941,オオイタケン,オオイタシ,シモゴオリコウギョウダンチ,大分県,大分市,下郡工業団地
8700803,オオイタケン,オオイタシ,シモシラキ,大分県,大分市,下白木
8700118,オオイタケン,オオイタシ,シモトクマル,大分県,大分市,下徳丸
8701213,オオイタケン,オオイタシ,シモハラ,大分県,大分市,下原
8701112,オオイタケン,オオイタシ,シモハンダ,大分県,大分市,下判田
8797763,オオイタケン,オオイタシ,シモヘツギ,大分県,大分市,下戸次
8701141,オオイタケン,オオイタシ,シモムナカタ,大分県,大分市,下宗方
8700807,オオイタケン,オオイタシ,シモヤハタ,大分県,大分市,下八幡
8792115,オオイタケン,オオイタシ,シュウキ,大分県,大分市,志生木
8700241,オオイタケン,オオイタシ,ショウザカイ,大分県,大分市,庄境
8700922,オオイタケン,オオイタシ,ジョウトウマチ(3ノ22、4ノ2、4ノ30),大分県,大分市,城東町（３の２２、４の２、４の３０）
8700153,オオイタケン,オオイタシ,ジョウトウマチ(ソノタ),大分県,大分市,城東町（その他）
8700827,オオイタケン,オオイタシ,ジョウナンキタ,大分県,大分市,城南北
8700826,オオイタケン,オオイタシ,ジョウナンニシ,大分県,大分市,城南西
8700824,オオイタケン,オオイタシ,ジョウナンヒガシ,大分県,大分市,城南東
8700825,オオイタケン,オオイタシ,ジョウナンミナミ,大分県,大分市,城南南
8700828,オオイタケン,オオイタシ,ジョウナンヤマテダイ,大分県,大分市,城南山手台
8700267,オオイタケン,オオイタシ,ジョウハル,大分県,大分市,城原
8700876,オオイタケン,オオイタシ,ショウノハル,大分県,大分市,庄の原
8792202,オオイタケン,オオイタシ,シラキ,大分県,大分市,白木
8700045,オオイタケン,オオイタシ,シロサキマチ,大分県,大分市,城崎町
8700818,オオイタケン,オオイタシ,シンカスガマチ,大分県,大分市,新春日町
8700015,オオイタケン,オオイタシ,シンカワニシ,大分県,大分市,新川西
8700016,オオイタケン,オオイタシ,シンカワマチ,大分県,大分市,新川町
8700911,オオイタケン,オオイタシ,シンガイ,大分県,大分市,新貝
8700919,オオイタケン,オオイタシ,シンサカエマチ,大分県,大分市,新栄町
8700028,オオイタケン,オオイタシ,シンマチ,大分県,大分市,新町
8700172,オオイタケン,オオイタシ,シンメイジ,大分県,大分市,新明治
8700027,オオイタケン,オオイタシ,スエヒロマチ,大分県,大分市,末広町
8700244,オオイタケン,オオイタシ,スガ,大分県,大分市,須賀
8797882,オオイタケン,オオイタシ,スギバル,大分県,大分市,杉原
8700032,オオイタケン,オオイタシ,スミヨシマチ,大分県,大分市,住吉町
8700031,オオイタケン,オオイタシ,セイケマチ,大分県,大分市,勢家町
8701114,オオイタケン,オオイタシ,セイワダイ,大分県,大分市,星和台
8700115,オオイタケン,オオイタシ,セキゾノ,大分県,大分市,関園
8700048,オオイタケン,オオイタシ,セキデンマチ,大分県,大分市,碩田町
8700132,オオイタケン,オオイタシ,センザイ,大分県,大分市,千歳
8701123,オオイタケン,オオイタシ,ソウダ,大分県,大分市,寒田
8701138,オオイタケン,オオイタシ,ソウダキタマチ,大分県,大分市,寒田北町
8701139,オオイタケン,オオイタシ,ソウダミナミマチ,大分県,大分市,寒田南町
8701127,オオイタケン,オオイタシ,ソウダワカバダイ,大分県,大分市,寒田わかば台
8700837,オオイタケン,オオイタシ,タイヘイマチ,大分県,大分市,太平町
8701116,オオイタケン,オオイタシ,タカエチュウオウ,大分県,大分市,高江中央
8701117,オオイタケン,オオイタシ,タカエニシ,大分県,大分市,高江西
8701118,オオイタケン,オオイタシ,タカエミナミ,大分県,大分市,高江南
8701119,オオイタケン,オオイタシ,タカエキタ,大分県,大分市,高江北
8700873,オオイタケン,オオイタシ,タカオダイ,大分県,大分市,高尾台
8700872,オオイタケン,オオイタシ,タカサキ,大分県,大分市,高崎
8700029,オオイタケン,オオイタシ,タカサゴマチ,大分県,大分市,高砂町
8700156,オオイタケン,オオイタシ,タカジョウシンマチ,大分県,大分市,高城新町
8700148,オオイタケン,オオイタシ,タカジョウダイ,大分県,大分市,高城台
8700149,オオイタケン,オオイタシ,タカジョウダンチ,大分県,大分市,高城団地
8700923,オオイタケン,オオイタシ,タカジョウニシマチ(1-7バン),大分県,大分市,高城西町（１～７番）
8700154,オオイタケン,オオイタシ,タカジョウニシマチ(ソノタ),大分県,大分市,高城西町（その他）
8700157,オオイタケン,オオイタシ,タカジョウホンマチ,大分県,大分市,高城本町
8700155,オオイタケン,オオイタシ,タカジョウミナミマチ,大分県,大分市,高城南町
8701142,オオイタケン,オオイタシ,タカセ,大分県,大分市,高瀬
8701222,オオイタケン,オオイタシ,タカハラ,大分県,大分市,高原
8700917,オオイタケン,オオイタシ,タカマツ,大分県,大分市,高松
8700916,オオイタケン,オオイタシ,タカマツヒガシ,大分県,大分市,高松東
8700265,オオイタケン,オオイタシ,タケシタ,大分県,大分市,竹下
8797501,オオイタケン,オオイタシ,タケナカ,大分県,大分市,竹中
8700882,オオイタケン,オオイタシ,タケノウエ,大分県,大分市,竹の上
8701211,オオイタケン,オオイタシ,タケヤ,大分県,大分市,竹矢
8701143,オオイタケン,オオイタシ,タジリ,大分県,大分市,田尻
8701140,オオイタケン,オオイタシ,タジリキタ,大分県,大分市,田尻北
8701130,オオイタケン,オオイタシ,タジリチュウオウ,大分県,大分市,田尻中央
8701144,オオイタケン,オオイタシ,タジリニシ,大分県,大分市,田尻西
8701149,オオイタケン,オオイタシ,タジリヒガシ,大分県,大分市,田尻東
8701145,オオイタケン,オオイタシ,タジリミナミ,大分県,大分市,田尻南
8700852,オオイタケン,オオイタシ,タナカマチ,大分県,大分市,田中町
8700274,オオイタケン,オオイタシ,タネグ,大分県,大分市,種具
8700802,オオイタケン,オオイタシ,タノウラ,大分県,大分市,田ノ浦
8701154,オオイタケン,オオイタシ,タバル,大分県,大分市,田原
8701155,オオイタケン,オオイタシ,タマザワ,大分県,大分市,玉沢
8700816,オオイタケン,オオイタシ,タムロマチ,大分県,大分市,田室町
8701124,オオイタケン,オオイタシ,ダンノハル,大分県,大分市,旦野原
8700035,オオイタケン,オオイタシ,チュウオウマチ,大分県,大分市,中央町
8700033,オオイタケン,オオイタシ,チヨマチ,大分県,大分市,千代町
8797872,オオイタケン,オオイタシ,ツキガタ,大分県,大分市,月形
8797871,オオイタケン,オオイタシ,ツジ,大分県,大分市,辻
8701204,オオイタケン,オオイタシ,ツジハル,大分県,大分市,辻原
8700116,オオイタケン,オオイタシ,ツネユキ,大分県,大分市,常行
8700271,オオイタケン,オオイタシ,ツノコバル,大分県,大分市,角子原
8700242,オオイタケン,オオイタシ,ツノゴミナミ,大分県,大分市,角子南
8701166,オオイタケン,オオイタシ,ツバキガオカ,大分県,大分市,椿が丘
8700945,オオイタケン,オオイタシ,ツモリ,大分県,大分市,津守
8700930,オオイタケン,オオイタシ,ツル,大分県,大分市,津留
8700106,オオイタケン,オオイタシ,ツルサキ,大分県,大分市,鶴崎
8700120,オオイタケン,オオイタシ,ツルサキコスモスダンチ,大分県,大分市,鶴崎コスモス団地
8700279,オオイタケン,オオイタシ,ツルサキヨウコウダイ,大分県,大分市,つるさき陽光台
8700121,オオイタケン,オオイタシ,ツルセ,大分県,大分市,鶴瀬
8700137,オオイタケン,オオイタシ,テラサキマチ,大分県,大分市,寺崎町
8701148,オオイタケン,オオイタシ,テンリョウハイツ,大分県,大分市,天領ハイツ
8700861,オオイタケン,オオイタシ,トイ,大分県,大分市,東院
8700867,オオイタケン,オオイタシ,トウノダイ,大分県,大分市,東野台
8700109,オオイタケン,オオイタシ,トクシマ,大分県,大分市,徳島
8700947,オオイタケン,オオイタシ,トミオカ,大分県,大分市,富岡
8700018,オオイタケン,オオイタシ,トヨミ,大分県,大分市,豊海
8700862,オオイタケン,オオイタシ,ナカオ,大分県,大分市,中尾
8700039,オオイタケン,オオイタシ,ナカカスガマチ,大分県,大分市,中春日町
8700049,オオイタケン,オオイタシ,ナカシマチュウオウ,大分県,大分市,中島中央
8700043,オオイタケン,オオイタシ,ナカシマヒガシ,大分県,大分市,中島東
8700047,オオイタケン,オオイタシ,ナカシマニシ,大分県,大分市,中島西
8700101,オオイタケン,オオイタシ,ナカツルサキ,大分県,大分市,中鶴崎
8700939,オオイタケン,オオイタシ,ナカヅル,大分県,大分市,中津留
8700135,オオイタケン,オオイタシ,ナカニシマチ,大分県,大分市,仲西町
8700111,オオイタケン,オオイタシ,ナカノス,大分県,大分市,中ノ洲
8700859,オオイタケン,オオイタシ,ナカノセマチ,大分県,大分市,中の瀬町
8701113,オオイタケン,オオイタシ,ナカハンダ,大分県,大分市,中判田
8797761,オオイタケン,オオイタシ,ナカヘツギ,大分県,大分市,中戸次
8700929,オオイタケン,オオイタシ,ナガタニマチ,大分県,大分市,長谷町
8700023,オオイタケン,オオイタシ,ナガハママチ,大分県,大分市,長浜町
8700801,オオイタケン,オオイタシ,ナルカワ,大分県,大分市,鳴川
8700046,オオイタケン,オオイタシ,ニアゲマチ,大分県,大分市,荷揚町
8701221,オオイタケン,オオイタシ,ニオキ,大分県,大分市,荷尾杵
8700820,オオイタケン,オオイタシ,ニシオオミチ,大分県,大分市,西大道
8700038,オオイタケン,オオイタシ,ニシカスガマチ,大分県,大分市,西春日町
8700024,オオイタケン,オオイタシ,ニシキマチ,大分県,大分市,錦町
8700901,オオイタケン,オオイタシ,ニシシンチ,大分県,大分市,西新地
8700105,オオイタケン,オオイタシ,ニシツルサキ,大分県,大分市,西鶴崎
8700902,オオイタケン,オオイタシ,ニシノス,大分県,大分市,西ノ洲
8700931,オオイタケン,オオイタシ,ニシハマ,大分県,大分市,西浜
8700874,オオイタケン,オオイタシ,ニジガオカ,大分県,大分市,にじが丘
8700318,オオイタケン,オオイタシ,ニュウ,大分県,大分市,丹生
8700270,オオイタケン,オオイタシ,ノゾミガオカ,大分県,大分市,望みが丘
8700868,オオイタケン,オオイタシ,ノダ,大分県,大分市,野田
8701203,オオイタケン,オオイタシ,ノツハル,大分県,大分市,野津原
8797883,オオイタケン,オオイタシ,ハギオ,大分県,大分市,萩尾
8700921,オオイタケン,オオイタシ,ハギワラ,大分県,大分市,萩原
8700856,オオイタケン,オオイタシ,ハタケナカ,大分県,大分市,畑中
8797502,オオイタケン,オオイタシ,ハタノボリ,大分県,大分市,端登
8700942,オオイタケン,オオイタシ,ハダ,大分県,大分市,羽田
8700243,オオイタケン,オオイタシ,ハナエガワ,大分県,大分市,花江川
8700846,オオイタケン,オオイタシ,ハナゾノ,大分県,大分市,花園
8700915,オオイタケン,オオイタシ,ハナタカマツ,大分県,大分市,花高松
8700933,オオイタケン,オオイタシ,ハナヅル,大分県,大分市,花津留
8701128,オオイタケン,オオイタシ,ハナノキザカ,大分県,大分市,花の木坂
8700880,オオイタケン,オオイタシ,ハナノモリ,大分県,大分市,はなの森
8792112,オオイタケン,オオイタシ,ババ,大分県,大分市,馬場
8700323,オオイタケン,オオイタシ,ハマナカ,大分県,大分市,浜中
8700002,オオイタケン,オオイタシ,ハマノイチ,大分県,大分市,浜の市
8700013,オオイタケン,オオイタシ,ハママチヒガシ,大分県,大分市,浜町東
8700012,オオイタケン,オオイタシ,ハママチキタ,大分県,大分市,浜町北
8700854,オオイタケン,オオイタシ,ハヤ,大分県,大分市,羽屋
8700853,オオイタケン,オオイタシ,ハヤシンマチ,大分県,大分市,羽屋新町
8700138,オオイタケン,オオイタシ,ハルカワ,大分県,大分市,原川
8700912,オオイタケン,オオイタシ,ハルシンマチ,大分県,大分市,原新町
8701110,オオイタケン,オオイタシ,ハンダダイ,大分県,大分市,判田台
8701126,オオイタケン,オオイタシ,ハンダダイキタ,大分県,大分市,判田台北
8701108,オオイタケン,オオイタシ,ハンダダイヒガシ,大分県,大分市,判田台東
8701109,オオイタケン,オオイタシ,ハンダダイミナミ,大分県,大分市,判田台南
8700914,オオイタケン,オオイタシ,ヒオカ,大分県,大分市,日岡
8700151,オオイタケン,オオイタシ,ヒガシアケノ,大分県,大分市,東明野
8700306,オオイタケン,オオイタシ,ヒガシウエノ,大分県,大分市,東上野
8700823,オオイタケン,オオイタシ,ヒガシオオミチ,大分県,大分市,東大道
8700037,オオイタケン,オオイタシ,ヒガシカスガマチ,大分県,大分市,東春日町
8700103,オオイタケン,オオイタシ,ヒガシツルサキ,大分県,大分市,東鶴崎
8700934,オオイタケン,オオイタシ,ヒガシヅル,大分県,大分市,東津留
8700932,オオイタケン,オオイタシ,ヒガシハマ,大分県,大分市,東浜
8700150,オオイタケン,オオイタシ,ヒガシバル,大分県,大分市,東原
8700871,オオイタケン,オオイタシ,ヒガシヤハタ,大分県,大分市,東八幡
8701115,オオイタケン,オオイタシ,ヒバリガオカ,大分県,大分市,ひばりケ丘
8700301,オオイタケン,オオイタシ,ヒヨシバル,大分県,大分市,日吉原
8700918,オオイタケン,オオイタシ,ヒヨシマチ,大分県,大分市,日吉町
8700866,オオイタケン,オオイタシ,ヒラヨコセ,大分県,大分市,平横瀬
8700277,オオイタケン,オオイタシ,ヒロウチ,大分県,大分市,広内
8700847,オオイタケン,オオイタシ,ヒロセマチ,大分県,大分市,広瀬町
8700881,オオイタケン,オオイタシ,フカガワウチ,大分県,大分市,深河内
8701205,オオイタケン,オオイタシ,フクムネ,大分県,大分市,福宗
8797874,オオイタケン,オオイタシ,フクラ,大分県,大分市,福良
8701147,オオイタケン,オオイタシ,フジガオカ,大分県,大分市,ふじが丘
8701181,オオイタケン,オオイタシ,フジガオカキタ,大分県,大分市,ふじが丘北
8701185,オオイタケン,オオイタシ,フジガオカニシ,大分県,大分市,ふじが丘西
8701182,オオイタケン,オオイタシ,フジガオカヒガシ,大分県,大分市,ふじが丘東
8701183,オオイタケン,オオイタシ,フジガオカミナミ,大分県,大分市,ふじが丘南
8701184,オオイタケン,オオイタシ,フジガオカヤマテ,大分県,大分市,ふじが丘山手
8700957,オオイタケン,オオイタシ,フジノダイ,大分県,大分市,藤の台
8701176,オオイタケン,オオイタシ,フジミガオカヒガシ,大分県,大分市,富士見が丘東
8701177,オオイタケン,オオイタシ,フジミガオカニシ,大分県,大分市,富士見が丘西
8700887,オオイタケン,オオイタシ,フタマタマチ,大分県,大分市,二又町
8700021,オオイタケン,オオイタシ,フナイマチ,大分県,大分市,府内町
8700855,オオイタケン,オオイタシ,ブニョウ,大分県,大分市,豊饒
8700844,オオイタケン,オオイタシ,フルゴウ,大分県,大分市,古国府
8700017,オオイタケン,オオイタシ,ベンテン,大分県,大分市,弁天
8700948,オオイタケン,オオイタシ,ホウガワラダイ,大分県,大分市,芳河原台
8700171,オオイタケン,オオイタシ,ホウショウダイ,大分県,大分市,法勝台
8700305,オオイタケン,オオイタシ,ホソ,大分県,大分市,細
8792111,オオイタケン,オオイタシ,ホンコウザキ,大分県,大分市,本神崎
8700044,オオイタケン,オオイタシ,マイヅルマチ,大分県,大分市,舞鶴町
8701146,オオイタケン,オオイタシ,マガリ(635、639、650、669、676、678、689、,大分県,大分市,曲（６３５、６３９、６５０、６６９、６７６、６７８、６８９、
8701146,オオイタケン,オオイタシ,695、718、733、1481、1555、1618バンチ),大分県,大分市,６９５、７１８、７３３、１４８１、１５５５、１６１８番地）
8700946,オオイタケン,オオイタシ,マガリ(ソノタ),大分県,大分市,曲（その他）
8700924,オオイタケン,オオイタシ,マキ(1-3チョウメ、シラタキB・C、タカミ),大分県,大分市,牧（１～３丁目、白滝Ｂ・Ｃ、高見）
8700152,オオイタケン,オオイタシ,マキ(ソノタ),大分県,大分市,牧（その他）
8700925,オオイタケン,オオイタシ,マキカミマチ,大分県,大分市,牧上町
8700125,オオイタケン,オオイタシ,マツオカ,大分県,大分市,松岡
8701168,オオイタケン,オオイタシ,マツガオカ,大分県,大分市,松が丘
8700913,オオイタケン,オオイタシ,マツバラマチ,大分県,大分市,松原町
8700268,オオイタケン,オオイタシ,マドコロ,大分県,大分市,政所
8700122,オオイタケン,オオイタシ,マルガメ,大分県,大分市,丸亀
8700888,オオイタケン,オオイタシ,ミケタマチ,大分県,大分市,三ケ田町
8700108,オオイタケン,オオイタシ,ミサ,大分県,大分市,三佐
8700143,オオイタケン,オオイタシ,ミツガワカミ,大分県,大分市,三川上
8700142,オオイタケン,オオイタシ,ミツガワシモ,大分県,大分市,三川下
8700141,オオイタケン,オオイタシ,ミツガワシンマチ,大分県,大分市,三川新町
8797765,オオイタケン,オオイタシ,ミソノダンチ,大分県,大分市,美園団地
8701132,オオイタケン,オオイタシ,ミツヨシ,大分県,大分市,光吉
8701135,オオイタケン,オオイタシ,ミツヨシシンマチ,大分県,大分市,光吉新町
8701136,オオイタケン,オオイタシ,ミツヨシダイ,大分県,大分市,光吉台
8701172,オオイタケン,オオイタシ,ミドリガオカ,大分県,大分市,緑が丘
8700131,オオイタケン,オオイタシ,ミナハル,大分県,大分市,皆春
8700117,オオイタケン,オオイタシ,ミナミ,大分県,大分市,南
8700812,オオイタケン,オオイタシ,ミナミイクシヒガシ,大分県,大分市,南生石東
8700811,オオイタケン,オオイタシ,ミナミイクシニシ,大分県,大分市,南生石西
8700815,オオイタケン,オオイタシ,ミナミカスガマチ,大分県,大分市,南春日町
8700928,オオイタケン,オオイタシ,ミナミシモゴオリ,大分県,大分市,南下郡
8700885,オオイタケン,オオイタシ,ミナミタイヘイジ,大分県,大分市,南太平寺
8700104,オオイタケン,オオイタシ,ミナミツルサキ,大分県,大分市,南鶴崎
8700937,オオイタケン,オオイタシ,ミナミヅル,大分県,大分市,南津留
8797873,オオイタケン,オオイタシ,ミヤオ,大分県,大分市,宮尾
8700276,オオイタケン,オオイタシ,ミヤカワウチ,大分県,大分市,宮河内
8700275,オオイタケン,オオイタシ,ミヤカワウチハイランド,大分県,大分市,宮河内ハイランド
8700034,オオイタケン,オオイタシ,ミヤコマチ,大分県,大分市,都町
8701133,オオイタケン,オオイタシ,ミヤザキ,大分県,大分市,宮崎
8701137,オオイタケン,オオイタシ,ミヤザキダイ,大分県,大分市,宮崎台
8700878,オオイタケン,オオイタシ,ミヤゾノ,大分県,大分市,宮苑
8700804,オオイタケン,オオイタシ,ミユキ,大分県,大分市,御幸町
8700030,オオイタケン,オオイタシ,ミヨシ,大分県,大分市,三芳
8700903,オオイタケン,オオイタシ,ムカイバルオキ,大分県,大分市,向原沖
8700904,オオイタケン,オオイタシ,ムカイバルヒガシ,大分県,大分市,向原東
8700905,オオイタケン,オオイタシ,ムカイバルニシ,大分県,大分市,向原西
8701159,オオイタケン,オオイタシ,ムナカタダイキタ,大分県,大分市,宗方台北
8701158,オオイタケン,オオイタシ,ムナカタダイニシ,大分県,大分市,宗方台西
8701157,オオイタケン,オオイタシ,ムナカタダイヒガシ,大分県,大分市,宗方台東
8701163,オオイタケン,オオイタシ,メグスノ(1-657、776-829、842-1305、2691、,大分県,大分市,廻栖野（１～６５７、７７６～８２９、８４２～１３０５、２６９１、
8701163,オオイタケン,オオイタシ,2925バンチ),大分県,大分市,２９２５番地）
8701201,オオイタケン,オオイタシ,メグスノ(ソノタ),大分県,大分市,廻栖野（その他）
8700944,オオイタケン,オオイタシ,メラ,大分県,大分市,米良
8701174,オオイタケン,オオイタシ,モエギダイ,大分県,大分市,萌葱台
8700843,オオイタケン,オオイタシ,モトマチ,大分県,大分市,元町
8700139,オオイタケン,オオイタシ,モモゾノダンチ,大分県,大分市,桃園団地
8700128,オオイタケン,オオイタシ,モリ,大分県,大分市,森
8700127,オオイタケン,オオイタシ,モリマチ,大分県,大分市,森町
8700140,オオイタケン,オオイタシ,モリマチニシ,大分県,大分市,森町西
8700136,オオイタケン,オオイタシ,ヤマヅマチ,大分県,大分市,山津町
8700313,オオイタケン,オオイタシ,ヤヤマ,大分県,大分市,屋山
8700042,オオイタケン,オオイタシ,ユタカマチ,大分県,大分市,豊町
8700958,オオイタケン,オオイタシ,ユメガオカ,大分県,大分市,ゆめが丘
8700126,オオイタケン,オオイタシ,ヨコオ,大分県,大分市,横尾
8700130,オオイタケン,オオイタシ,ヨコオヒガシマチ,大分県,大分市,横尾東町
8701173,オオイタケン,オオイタシ,ヨコセ,大分県,大分市,横瀬
8700263,オオイタケン,オオイタシ,ヨコタ,大分県,大分市,横田
8700254,オオイタケン,オオイタシ,ヨコヅカ,大分県,大分市,横塚
8797875,オオイタケン,オオイタシ,ヨシノハル,大分県,大分市,吉野原
8700883,オオイタケン,オオイタシ,リョウゴ,大分県,大分市,永興
8700842,オオイタケン,オオイタシ,ロクボウミナミマチ,大分県,大分市,六坊南町
8700841,オオイタケン,オオイタシ,ロクボウキタマチ,大分県,大分市,六坊北町
8740000,オオイタケン,ベップシ,イカニケイサイガナイバアイ,大分県,別府市,以下に掲載がない場合
8740902,オオイタケン,ベップシ,アオヤマチョウ,大分県,別府市,青山町
8740819,オオイタケン,ベップシ,アカマツ,大分県,別府市,赤松
8740937,オオイタケン,ベップシ,アキバチョウ,大分県,別府市,秋葉町
8740846,オオイタケン,ベップシ,アサヒガオカチョウ,大分県,別府市,朝日ケ丘町
8740812,オオイタケン,ベップシ,アサミ,大分県,別府市,朝見
8740005,オオイタケン,ベップシ,アママ,大分県,別府市,天間
8740919,オオイタケン,ベップシ,イシガキヒガシ,大分県,別府市,石垣東
8740910,オオイタケン,ベップシ,イシガキニシ,大分県,別府市,石垣西
8740043,オオイタケン,ベップシ,イダ,大分県,別府市,井田
8740011,オオイタケン,ベップシ,ウチカマド,大分県,別府市,内竈
8795551,オオイタケン,ベップシ,ウチナリ,大分県,別府市,内成
8740814,オオイタケン,ベップシ,ウラタ,大分県,別府市,浦田
8740935,オオイタケン,ベップシ,エキマエチョウ,大分県,別府市,駅前町
8740934,オオイタケン,ベップシ,エキマエホンマチ,大分県,別府市,駅前本町
8740805,オオイタケン,ベップシ,エダゴウ,大分県,別府市,枝郷
8740849,オオイタケン,ベップシ,オウギヤマ,大分県,別府市,扇山
8740842,オオイタケン,ベップシ,オグラチョウ,大分県,別府市,小倉町
8740001,オオイタケン,ベップシ,オサカ,大分県,別府市,小坂
8740003,オオイタケン,ベップシ,オトコロ,大分県,別府市,大所
8740821,オオイタケン,ベップシ,オトバル,大分県,別府市,乙原
8740848,オオイタケン,ベップシ,オバタケ,大分県,別府市,大畑
8740908,オオイタケン,ベップシ,カミタノユマチ,大分県,別府市,上田の湯町
8740905,オオイタケン,ベップシ,カミノグチチョウ,大分県,別府市,上野口町
8740829,オオイタケン,ベップシ,カミハルチョウ,大分県,別府市,上原町
8740036,オオイタケン,ベップシ,カミヒラタチョウ,大分県,別府市,上平田町
8740025,オオイタケン,ベップシ,カメガワシノユマチ,大分県,別府市,亀川四の湯町
8740021,オオイタケン,ベップシ,カメガワチュウオウマチ,大分県,別府市,亀川中央町
8740014,オオイタケン,ベップシ,カメガワハマダマチ,大分県,別府市,亀川浜田町
8740022,オオイタケン,ベップシ,カメガワヒガシマチ,大分県,別府市,亀川東町
8740822,オオイタケン,ベップシ,カンカイジ,大分県,別府市,観海寺
8740046,オオイタケン,ベップシ,カンナワカミ,大分県,別府市,鉄輪上
8740042,オオイタケン,ベップシ,カンナワヒガシ,大分県,別府市,鉄輪東
8740802,オオイタケン,ベップシ,キジマ,大分県,別府市,城島
8740041,オオイタケン,ベップシ,キタカンナワ,大分県,別府市,北鉄輪
8740845,オオイタケン,ベップシ,キタジュウ,大分県,別府市,北中
8740920,オオイタケン,ベップシ,キタハマ,大分県,別府市,北浜
8740928,オオイタケン,ベップシ,キタマトガハマチョウ,大分県,別府市,北的ケ浜町
8740926,オオイタケン,ベップシ,キョウマチ,大分県,別府市,京町
8740943,オオイタケン,ベップシ,クスノキマチ,大分県,別府市,楠町
8740015,オオイタケン,ベップシ,クニタテ,大分県,別府市,国立
8740816,オオイタケン,ベップシ,コウチ,大分県,別府市,河内
8795552,オオイタケン,ベップシ,コガノハル,大分県,別府市,古賀原
8740907,オオイタケン,ベップシ,サイワイチョウ,大分県,別府市,幸町
8740915,オオイタケン,ベップシ,サクラガオカ,大分県,別府市,桜ケ丘
8740918,オオイタケン,ベップシ,シオミチョウ,大分県,別府市,汐見町
8740835,オオイタケン,ベップシ,ジッソウジ,大分県,別府市,実相寺
8740034,オオイタケン,ベップシ,ショウニンナカマチ,大分県,別府市,上人仲町
8740032,オオイタケン,ベップシ,ショウニンホンマチ,大分県,別府市,上人本町
8740035,オオイタケン,ベップシ,ショウニンニシ,大分県,別府市,上人西
8740033,オオイタケン,ベップシ,ショウニンミナミ,大分県,別府市,上人南
8740023,オオイタケン,ベップシ,ショウニンガハマチョウ,大分県,別府市,上人ケ浜町
8740031,オオイタケン,ベップシ,ショウハエンマチ,大分県,別府市,照波園町
8740834,オオイタケン,ベップシ,シンベップ,大分県,別府市,新別府
8740923,オオイタケン,ベップシ,シンミナトマチ,大分県,別府市,新港町
8740938,オオイタケン,ベップシ,スエヒロチョウ,大分県,別府市,末広町
8740012,オオイタケン,ベップシ,スパランドトヨミ,大分県,別府市,スパランド豊海
8740002,オオイタケン,ベップシ,セキノエシンマチ,大分県,別府市,関の江新町
8740838,オオイタケン,ベップシ,ソウエン,大分県,別府市,荘園
8740837,オオイタケン,ベップシ,ソウエンキタマチ,大分県,別府市,荘園北町
8740037,オオイタケン,ベップシ,ダイカンヤマチョウ,大分県,別府市,大観山町
8740841,オオイタケン,ベップシ,タケノウチ,大分県,別府市,竹の内
8740939,オオイタケン,ベップシ,タッタチョウ,大分県,別府市,立田町
8740815,オオイタケン,ベップシ,タノクチ,大分県,別府市,田の口
8740909,オオイタケン,ベップシ,タノユマチ,大分県,別府市,田の湯町
8740936,オオイタケン,ベップシ,チュウオウマチ,大分県,別府市,中央町
8740942,オオイタケン,ベップシ,チヨマチ,大分県,別府市,千代町
8740840,オオイタケン,ベップシ,ツルミ(オオアザ、バンチ),大分県,別府市,鶴見（大字、番地）
8740833,オオイタケン,ベップシ,ツルミ(1-18クミ),大分県,別府市,鶴見（１～１８組）
8740826,オオイタケン,ベップシ,ツルミエンチョウ,大分県,別府市,鶴見園町
8740906,オオイタケン,ベップシ,テンマンチョウ,大分県,別府市,天満町
8740817,オオイタケン,ベップシ,トリゴエ,大分県,別府市,鳥越
8740901,オオイタケン,ベップシ,ナカシマチョウ,大分県,別府市,中島町
8740917,オオイタケン,ベップシ,ナカスカヒガシマチ,大分県,別府市,中須賀東町
8740916,オオイタケン,ベップシ,ナカスカホンマチ,大分県,別府市,中須賀本町
8740914,オオイタケン,ベップシ,ナカスカモトマチ,大分県,別府市,中須賀元町
8740931,オオイタケン,ベップシ,ニシノグチマチ,大分県,別府市,西野口町
8740932,オオイタケン,ベップシ,ノグチナカマチ,大分県,別府市,野口中町
8740933,オオイタケン,ベップシ,ノグチモトマチ,大分県,別府市,野口元町
8740903,オオイタケン,ベップシ,ノグチハラ,大分県,別府市,野口原
8740016,オオイタケン,ベップシ,ノダ,大分県,別府市,野田
8740847,オオイタケン,ベップシ,ババ,大分県,別府市,馬場
8740945,オオイタケン,ベップシ,ハママチ,大分県,別府市,浜町
8740947,オオイタケン,ベップシ,ハマワキ,大分県,別府市,浜脇
8740820,オオイタケン,ベップシ,ハラマチ,大分県,別府市,原町
8740913,オオイタケン,ベップシ,ハルキマチ,大分県,別府市,春木町
8740930,オオイタケン,ベップシ,ヒカリマチ,大分県,別府市,光町
8740836,オオイタケン,ベップシ,ヒガシソウエン,大分県,別府市,東荘園
8740803,オオイタケン,ベップシ,ヒガシヤマイック,大分県,別府市,東山一区
8740804,オオイタケン,ベップシ,ヒガシヤマニク,大分県,別府市,東山二区
8740024,オオイタケン,ベップシ,ヒラタマチ,大分県,別府市,平田町
8740921,オオイタケン,ベップシ,フジミチョウ,大分県,別府市,富士見町
8740922,オオイタケン,ベップシ,フナコウジマチ,大分県,別府市,船小路町
8740013,オオイタケン,ベップシ,フルイチマチ,大分県,別府市,古市町
8740044,オオイタケン,ベップシ,フロモト,大分県,別府市,風呂本
8740844,オオイタケン,ベップシ,ホノメ,大分県,別府市,火売
8740831,オオイタケン,ベップシ,ホリタ,大分県,別府市,堀田
8740946,オオイタケン,ベップシ,マツバラチョウ,大分県,別府市,松原町
8740911,オオイタケン,ベップシ,ミドリガオカチョウ,大分県,別府市,緑丘町
8740912,オオイタケン,ベップシ,ミナミスカマチ,大分県,別府市,南須賀町
8740904,オオイタケン,ベップシ,ミナミソウエンチョウ,大分県,別府市,南荘園町
8740832,オオイタケン,ベップシ,ミナミタテイシイキメチョウ,大分県,別府市,南立石生目町
8740824,オオイタケン,ベップシ,ミナミタテイシイタジチョウ,大分県,別府市,南立石板地町
8740839,オオイタケン,ベップシ,ミナミタテイシイック,大分県,別府市,南立石一区
8740827,オオイタケン,ベップシ,ミナミタテイシニク,大分県,別府市,南立石二区
8740825,オオイタケン,ベップシ,ミナミタテイシハチマンチョウ,大分県,別府市,南立石八幡町
8740823,オオイタケン,ベップシ,ミナミタテイシホンマチ,大分県,別府市,南立石本町
8740941,オオイタケン,ベップシ,ミナミマチ,大分県,別府市,南町
8740929,オオイタケン,ベップシ,ミナミマトガハマチョウ,大分県,別府市,南的ケ浜町
8740045,オオイタケン,ベップシ,ミユキ,大分県,別府市,御幸
8740843,オオイタケン,ベップシ,ミョウバン,大分県,別府市,明礬
8740924,オオイタケン,ベップシ,モチガハマチョウ,大分県,別府市,餅ケ浜町
8740944,オオイタケン,ベップシ,モトマチ,大分県,別府市,元町
8740811,オオイタケン,ベップシ,ヤナギ,大分県,別府市,柳
8740818,オオイタケン,ベップシ,ヤマガ,大分県,別府市,山家
8740801,オオイタケン,ベップシ,ヤマノクチ,大分県,別府市,山の口
8740828,オオイタケン,ベップシ,ヤマノテチョウ,大分県,別府市,山の手町
8740927,オオイタケン,ベップシ,ユミガハマチョウ,大分県,別府市,弓ケ浜町
8740004,オオイタケン,ベップシ,ユヤマ,大分県,別府市,湯山
8740813,オオイタケン,ベップシ,リョウグンバシ,大分県,別府市,両郡橋
8740925,オオイタケン,ベップシ,ワカクサチョウ,大分県,別府市,若草町
8710000,オオイタケン,ナカツシ,イカニケイサイガナイバアイ,大分県,中津市,以下に掲載がない場合
8710099,オオイタケン,ナカツシ,ナカツシノツギニバンチガクルバアイ,大分県,中津市,中津市の次に番地がくる場合
8710122,オオイタケン,ナカツシ,アイハラ(2803-1、2803-24、2803-25、2803-27、,大分県,中津市,相原（２８０３－１、２８０３－２４、２８０３－２５、２８０３－２７、
8710122,オオイタケン,ナカツシ,2803-37、2803-38、2803-39、2803-43、,大分県,中津市,２８０３－３７、２８０３－３８、２８０３－３９、２８０３－４３、
8710122,オオイタケン,ナカツシ,2803-69、2803-77、2803-91、2818、2828、,大分県,中津市,２８０３－６９、２８０３－７７、２８０３－９１、２８１８、２８２８、
8710122,オオイタケン,ナカツシ,2925-7),大分県,中津市,２９２５－７）
8710022,オオイタケン,ナカツシ,アイハラ(ソノタ),大分県,中津市,相原（その他）
8790106,オオイタケン,ナカツシ,アカサコ,大分県,中津市,赤迫
8710098,オオイタケン,ナカツシ,イチバ,大分県,中津市,市場
8790111,オオイタケン,ナカツシ,イドウダ,大分県,中津市,伊藤田
8790105,オオイタケン,ナカツシ,イヌマル,大分県,中津市,犬丸
8790101,オオイタケン,ナカツシ,イマヅ,大分県,中津市,今津
8790103,オオイタケン,ナカツシ,ウエノ,大分県,中津市,植野
8710015,オオイタケン,ナカツシ,ウシガミ,大分県,中津市,牛神
8710016,オオイタケン,ナカツシ,ウシガミマチ,大分県,中津市,牛神町
8710093,オオイタケン,ナカツシ,ウラマチ,大分県,中津市,浦町
8710064,オオイタケン,ナカツシ,エサシマチ,大分県,中津市,餌指町
8710038,オオイタケン,ナカツシ,エダマチ,大分県,中津市,枝町
8710065,オオイタケン,ナカツシ,エビスマチ,大分県,中津市,蛭子町
8710044,オオイタケン,ナカツシ,エミタケマチ,大分県,中津市,江三竹町
8710005,オオイタケン,ナカツシ,オウマ,大分県,中津市,合馬
8710153,オオイタケン,ナカツシ,オオサダ,大分県,中津市,大貞
8710001,オオイタケン,ナカツシ,オオシンデン,大分県,中津市,大新田
8710008,オオイタケン,ナカツシ,オオツカ,大分県,中津市,大塚
8710021,オオイタケン,ナカツシ,オキダイマチ,大分県,中津市,沖代町
8710045,オオイタケン,ナカツシ,カイヅマチ,大分県,中津市,萱津町
8710007,オオイタケン,ナカツシ,カキゼ,大分県,中津市,蛎瀬
8710152,オオイタケン,ナカツシ,カク,大分県,中津市,加来
8710082,オオイタケン,ナカツシ,カコマチ,大分県,中津市,水主町
8710056,オオイタケン,ナカツシ,カタハマチ,大分県,中津市,片端町
8710013,オオイタケン,ナカツシ,カナテ,大分県,中津市,金手
8710046,オオイタケン,ナカツシ,カナヤ(ウエノチョウ、ナカノチョウ、ニシノチョウ、ホンマチ、ミナミノチョウ、モリノチョウ、ヤマノカミ),大分県,中津市,金谷（上ノ丁、中ノ丁、西ノ丁、本町、南ノ丁、森ノ丁、山ノ神）
8710161,オオイタケン,ナカツシ,カミイケナガ,大分県,中津市,上池永
8710004,オオイタケン,ナカツシ,カミジョスイ,大分県,中津市,上如水
8710042,オオイタケン,ナカツシ,カミハカタマチ,大分県,中津市,上博多町
8710027,オオイタケン,ナカツシ,カミミヤナガ,大分県,中津市,上宮永
8710060,オオイタケン,ナカツシ,キタイナボリ,大分県,中津市,北稲堀
8710094,オオイタケン,ナカツシ,キタウラマチ,大分県,中津市,北浦町
8710090,オオイタケン,ナカツシ,キタシンチ,大分県,中津市,北新地
8790113,オオイタケン,ナカツシ,キタバル,大分県,中津市,北原
8710081,オオイタケン,ナカツシ,キタホリカワマチ,大分県,中津市,北堀川町
8710079,オオイタケン,ナカツシ,キタモンドオリ,大分県,中津市,北門通
8710054,オオイタケン,ナカツシ,キョウマチ,大分県,中津市,京町
8710091,オオイタケン,ナカツシ,クラナシマチ,大分県,中津市,闇無町
8710078,オオイタケン,ナカツシ,コイワイ(カミカタマチ、ナカシママチ、ホンマチ、ミナトマチ),大分県,中津市,小祝（上方町、中島町、本町、港町）
8710080,オオイタケン,ナカツシ,コイワイシンマチ,大分県,中津市,小祝新町
8710154,オオイタケン,ナカツシ,コジョウ,大分県,中津市,古城
8710084,オオイタケン,ナカツシ,コボリ,大分県,中津市,小堀
8710076,オオイタケン,ナカツシ,コメマチ,大分県,中津市,米町
8710003,オオイタケン,ナカツシ,コレノリ,大分県,中津市,是則
8710043,オオイタケン,ナカツシ,サカエマチ,大分県,中津市,栄町
8710156,オオイタケン,ナカツシ,サカキバラチョウ,大分県,中津市,榊原町
8710074,オオイタケン,ナカツシ,サクラマチ,大分県,中津市,桜町
8790122,オオイタケン,ナカツシ,サダノミ,大分県,中津市,定留
8710104,オオイタケン,ナカツシ,サンコウイサヤマ,大分県,中津市,三光諌山
8710112,オオイタケン,ナカツシ,サンコウウスギ,大分県,中津市,三光臼木
8710114,オオイタケン,ナカツシ,サンコウオブクロ,大分県,中津市,三光小袋
8790225,オオイタケン,ナカツシ,サンコウカミフコウズ,大分県,中津市,三光上深水
8790221,オオイタケン,ナカツシ,サンコウカミマクサ,大分県,中津市,三光上秣
8710111,オオイタケン,ナカツシ,サンコウサチ,大分県,中津市,三光佐知
8790224,オオイタケン,ナカツシ,サンコウシモフコウズ,大分県,中津市,三光下深水
8790223,オオイタケン,ナカツシ,サンコウシモマクサ,大分県,中津市,三光下秣
8710103,オオイタケン,ナカツシ,サンコウタグチ,大分県,中津市,三光田口
8710113,オオイタケン,ナカツシ,サンコウツチダ,大分県,中津市,三光土田
8710102,オオイタケン,ナカツシ,サンコウナリツネ,大分県,中津市,三光成恒
8790222,オオイタケン,ナカツシ,サンコウニシマクサ,大分県,中津市,三光西秣
8710105,オオイタケン,ナカツシ,サンコウハラグチ,大分県,中津市,三光原口
8710101,オオイタケン,ナカツシ,サンコウモリヤマ,大分県,中津市,三光森山
8710057,オオイタケン,ナカツシ,サンノチョウ,大分県,中津市,三ノ丁
8710073,オオイタケン,ナカツシ,シオマチ,大分県,中津市,塩町
8710033,オオイタケン,ナカツシ,シマタ,大分県,中津市,島田
8710035,オオイタケン,ナカツシ,シマタナカマチ,大分県,中津市,島田仲町
8710036,オオイタケン,ナカツシ,シマタホンマチ,大分県,中津市,島田本町
8710011,オオイタケン,ナカツシ,シモイケナガ,大分県,中津市,下池永
8710097,オオイタケン,ナカツシ,シモショウジ,大分県,中津市,下正路
8710164,オオイタケン,ナカツシ,シモナガソイ,大分県,中津市,下永添
8710029,オオイタケン,ナカツシ,シモミヤナガ,大分県,中津市,下宮永
8790107,オオイタケン,ナカツシ,ショウワシンデン,大分県,中津市,昭和新田
8710048,オオイタケン,ナカツシ,シンウオマチ,大分県,中津市,新魚町
8710009,オオイタケン,ナカツシ,シンオオツカマチ,大分県,中津市,新大塚町
8710039,オオイタケン,ナカツシ,シンテンジンマチ,大分県,中津市,新天神町
8710041,オオイタケン,ナカツシ,シンハカタマチ,大分県,中津市,新博多町
8710069,オオイタケン,ナカツシ,シンボリ,大分県,中津市,新堀
8710086,オオイタケン,ナカツシ,センドマチ,大分県,中津市,船頭町
8710002,オオイタケン,ナカツシ,ゼントク,大分県,中津市,全徳
8710089,オオイタケン,ナカツシ,センバマチ,大分県,中津市,船場町
8710059,オオイタケン,ナカツシ,ソトババ,大分県,中津市,外馬場
8710151,オオイタケン,ナカツシ,ダイゴボウ,大分県,中津市,大悟法
8710066,オオイタケン,ナカツシ,タカジョウマチ,大分県,中津市,鷹匠町
8710026,オオイタケン,ナカツシ,タカセ,大分県,中津市,高瀬
8710071,オオイタケン,ナカツシ,タカベヤ,大分県,中津市,鷹部屋
8790123,オオイタケン,ナカツシ,タジリ,大分県,中津市,田尻
8790124,オオイタケン,ナカツシ,タジリザキ,大分県,中津市,田尻崎
8710024,オオイタケン,ナカツシ,チュウオウマチ,大分県,中津市,中央町
8710067,オオイタケン,ナカツシ,チュウゲンマチ,大分県,中津市,仲間町
8710091,オオイタケン,ナカツシ,ツノギ,大分県,中津市,角木
8710095,オオイタケン,ナカツシ,ツノギシンマチ,大分県,中津市,角木新町
8710028,オオイタケン,ナカツシ,ツノギマチ,大分県,中津市,角木町
8710075,オオイタケン,ナカツシ,テラマチ,大分県,中津市,寺町
8710039,オオイタケン,ナカツシ,テンジンマチ,大分県,中津市,天神町
8710055,オオイタケン,ナカツシ,トノマチ,大分県,中津市,殿町
8710058,オオイタケン,ナカツシ,トヨダマチ,大分県,中津市,豊田町
8710031,オオイタケン,ナカツシ,ナカドノ,大分県,中津市,中殿
8710030,オオイタケン,ナカツシ,ナカドノマチ,大分県,中津市,中殿町
8710157,オオイタケン,ナカツシ,ナカバル,大分県,中津市,中原
8710162,オオイタケン,ナカツシ,ナガソエ,大分県,中津市,永添
8790102,オオイタケン,ナカツシ,ナベシマ,大分県,中津市,鍋島
8710163,オオイタケン,ナカツシ,ニシナガソイ,大分県,中津市,西永添
8710046,オオイタケン,ナカツシ,ニシホリバタ,大分県,中津市,西堀端
8710050,オオイタケン,ナカツシ,ニノチョウ,大分県,中津市,二ノ丁
8790104,オオイタケン,ナカツシ,ノヨリ,大分県,中津市,野依
8710155,オオイタケン,ナカツシ,ハチマンチョウ,大分県,中津市,八幡町
8710006,オオイタケン,ナカツシ,ヒガシハマ,大分県,中津市,東浜
8710046,オオイタケン,ナカツシ,ヒガシホリバタ,大分県,中津市,東堀端
8710032,オオイタケン,ナカツシ,ヒガシホンマチ,大分県,中津市,東本町
8710014,オオイタケン,ナカツシ,ヒトツマツ,大分県,中津市,一ツ松
8710034,オオイタケン,ナカツシ,ヒノデマチ,大分県,中津市,日ノ出町
8710077,オオイタケン,ナカツシ,ヒメジマチ,大分県,中津市,姫路町
8790112,オオイタケン,ナカツシ,フクシマ,大分県,中津市,福島
8710063,オオイタケン,ナカツシ,フクロマチ,大分県,中津市,袋町
8710072,オオイタケン,ナカツシ,フナマチ,大分県,中津市,船町
8710053,オオイタケン,ナカツシ,フルウオマチ,大分県,中津市,古魚町
8710046,オオイタケン,ナカツシ,フルカナヤ,大分県,中津市,古金谷
8710051,オオイタケン,ナカツシ,フルハカタマチ,大分県,中津市,古博多町
8710068,オオイタケン,ナカツシ,ブンゴマチ,大分県,中津市,豊後町
8710311,オオイタケン,ナカツシ,ホンヤバケイマチアトダ,大分県,中津市,本耶馬渓町跡田
8710206,オオイタケン,ナカツシ,ホンヤバケイマチイマユク,大分県,中津市,本耶馬渓町今行
8710313,オオイタケン,ナカツシ,ホンヤバケイマチオチアイ,大分県,中津市,本耶馬渓町落合
8710312,オオイタケン,ナカツシ,ホンヤバケイマチオリモト,大分県,中津市,本耶馬渓町折元
8710204,オオイタケン,ナカツシ,ホンヤバケイマチカブシノ,大分県,中津市,本耶馬渓町冠石野
8710205,オオイタケン,ナカツシ,ホンヤバケイマチシモヤカタ,大分県,中津市,本耶馬渓町下屋形
8710202,オオイタケン,ナカツシ,ホンヤバケイマチソギ,大分県,中津市,本耶馬渓町曽木
8710203,オオイタケン,ナカツシ,ホンヤバケイマチタシダ,大分県,中津市,本耶馬渓町多志田
8710314,オオイタケン,ナカツシ,ホンヤバケイマチニシタニ,大分県,中津市,本耶馬渓町西谷
8710208,オオイタケン,ナカツシ,ホンヤバケイマチニシヤカタ,大分県,中津市,本耶馬渓町西屋形
8710315,オオイタケン,ナカツシ,ホンヤバケイマチヒガシタニ,大分県,中津市,本耶馬渓町東谷
8710207,オオイタケン,ナカツシ,ホンヤバケイマチヒガシヤカタ,大分県,中津市,本耶馬渓町東屋形
8710201,オオイタケン,ナカツシ,ホンヤバケイマチヒダ,大分県,中津市,本耶馬渓町樋田
8710047,オオイタケン,ナカツシ,マルヤマチョウ,大分県,中津市,丸山町
8710025,オオイタケン,ナカツシ,マンダ,大分県,中津市,万田
8710061,オオイタケン,ナカツシ,ミナミイナボリ,大分県,中津市,南稲堀
8710092,オオイタケン,ナカツシ,ミナミシンチ,大分県,中津市,南新地
8710087,オオイタケン,ナカツシ,ミナミホリカワマチ,大分県,中津市,南堀川町
8710037,オオイタケン,ナカツシ,ミヤジママチ,大分県,中津市,宮島町
8710012,オオイタケン,ナカツシ,ミヤブ,大分県,中津市,宮夫
8790121,オオイタケン,ナカツシ,モロタ,大分県,中津市,諸田
8710049,オオイタケン,ナカツシ,モロマチ,大分県,中津市,諸町
8710083,オオイタケン,ナカツシ,ヤバ,大分県,中津市,矢場
8710431,オオイタケン,ナカツシ,ヤバケイマチオオシマ,大分県,中津市,耶馬溪町大島
8710413,オオイタケン,ナカツシ,ヤバケイマチオオノ,大分県,中津市,耶馬溪町大野
8710406,オオイタケン,ナカツシ,ヤバケイマチオトモダ,大分県,中津市,耶馬溪町小友田
8710405,オオイタケン,ナカツシ,ヤバケイマチカキサカ,大分県,中津市,耶馬溪町柿坂
8710432,オオイタケン,ナカツシ,ヤバケイマチカナヨシ,大分県,中津市,耶馬溪町金吉
8710402,オオイタケン,ナカツシ,ヤバケイマチカブシノ,大分県,中津市,耶馬溪町冠石野
8710414,オオイタケン,ナカツシ,ヤバケイマチカワラグチ,大分県,中津市,耶馬溪町川原口
8710422,オオイタケン,ナカツシ,ヤバケイマチシンヤバ,大分県,中津市,耶馬溪町深耶馬
8710403,オオイタケン,ナカツシ,ヤバケイマチタシダ,大分県,中津市,耶馬溪町多志田
8710412,オオイタケン,ナカツシ,ヤバケイマチトチギ,大分県,中津市,耶馬溪町栃木
8710404,オオイタケン,ナカツシ,ヤバケイマチトバル,大分県,中津市,耶馬溪町戸原
8710411,オオイタケン,ナカツシ,ヤバケイマチナカハタ,大分県,中津市,耶馬溪町中畑
8710434,オオイタケン,ナカツシ,ヤバケイマチヒヤマジ,大分県,中津市,耶馬溪町樋山路
8710401,オオイタケン,ナカツシ,ヤバケイマチヒラタ,大分県,中津市,耶馬溪町平田
8710408,オオイタケン,ナカツシ,ヤバケイマチフクツチ,大分県,中津市,耶馬溪町福土
8710407,オオイタケン,ナカツシ,ヤバケイマチミオモ,大分県,中津市,耶馬溪町三尾母
8710433,オオイタケン,ナカツシ,ヤバケイマチミヤソノ,大分県,中津市,耶馬溪町宮園
8710421,オオイタケン,ナカツシ,ヤバケイマチヤマウツリ,大分県,中津市,耶馬溪町山移
8710715,オオイタケン,ナカツシ,ヤマクニマチウソ,大分県,中津市,山国町宇曽
8710702,オオイタケン,ナカツシ,ヤマクニマチクサモト,大分県,中津市,山国町草本
8710703,オオイタケン,ナカツシ,ヤマクニマチコヤガワ,大分県,中津市,山国町小屋川
8710701,オオイタケン,ナカツシ,ヤマクニマチツキノキ,大分県,中津市,山国町槻木
8710714,オオイタケン,ナカツシ,ヤマクニマチナガオノ,大分県,中津市,山国町長尾野
8710716,オオイタケン,ナカツシ,ヤマクニマチナカマ,大分県,中津市,山国町中摩
8710711,オオイタケン,ナカツシ,ヤマクニマチヒラオノ,大分県,中津市,山国町平小野
8710713,オオイタケン,ナカツシ,ヤマクニマチフジノキ,大分県,中津市,山国町藤野木
8710712,オオイタケン,ナカツシ,ヤマクニマチモリザネ,大分県,中津市,山国町守実
8710704,オオイタケン,ナカツシ,ヤマクニマチヨシノ,大分県,中津市,山国町吉野
8710062,オオイタケン,ナカツシ,ヤマシタ,大分県,中津市,山下
8710085,オオイタケン,ナカツシ,ユミチョウ,大分県,中津市,弓町
8710023,オオイタケン,ナカツシ,ユヤ,大分県,中津市,湯屋
8710096,オオイタケン,ナカツシ,リュウオウマチ,大分県,中津市,竜王町
8710088,オオイタケン,ナカツシ,ルスイマチ,大分県,中津市,留守居町
8770000,オオイタケン,ヒタシ,イカニケイサイガナイバアイ,大分県,日田市,以下に掲載がない場合
8771224,オオイタケン,ヒタシ,アキバルマチ,大分県,日田市,秋原町
8770001,オオイタケン,ヒタシ,アキヤママチ,大分県,日田市,秋山町
8770084,オオイタケン,ヒタシ,アサヒガオカ,大分県,日田市,朝日ケ丘
8770085,オオイタケン,ヒタシ,アサヒマチ,大分県,日田市,朝日町
8794202,オオイタケン,ヒタシ,アマガセマチアカイワ,大分県,日田市,天瀬町赤岩
8770111,オオイタケン,ヒタシ,アマガセマチイツマイチ,大分県,日田市,天瀬町五馬市
8770114,オオイタケン,ヒタシ,アマガセマチイデグチ,大分県,日田市,天瀬町出口
8794123,オオイタケン,ヒタシ,アマガセマチオナゴハタ,大分県,日田市,天瀬町女子畑
8794122,オオイタケン,ヒタシ,アマガセマチゴウタ,大分県,日田市,天瀬町合田
8794201,オオイタケン,ヒタシ,アマガセマチサクラダケ,大分県,日田市,天瀬町桜竹
8770113,オオイタケン,ヒタシ,アマガセマチツカダ,大分県,日田市,天瀬町塚田
8770112,オオイタケン,ヒタシ,アマガセマチホンジョウ,大分県,日田市,天瀬町本城
8794121,オオイタケン,ヒタシ,アマガセマチマバル,大分県,日田市,天瀬町馬原
8794203,オオイタケン,ヒタシ,アマガセマチユヤマ,大分県,日田市,天瀬町湯山
8771366,オオイタケン,ヒタシ,アヤメダイ,大分県,日田市,あやめ台
8771361,オオイタケン,ヒタシ,アリタマチ,大分県,日田市,有田町
8771375,オオイタケン,ヒタシ,イケベマチ,大分県,日田市,池辺町
8770061,オオイタケン,ヒタシ,イシイ,大分県,日田市,石井
8771352,オオイタケン,ヒタシ,イシマツマチ,大分県,日田市,石松町
8771223,オオイタケン,ヒタシ,イチノセマチ,大分県,日田市,市ノ瀬町
8771383,オオイタケン,ヒタシ,イワミマチ,大分県,日田市,岩美町
8770062,オオイタケン,ヒタシ,ウエノマチ,大分県,日田市,上野町
8770068,オオイタケン,ヒタシ,ウチカワマチ,大分県,日田市,内河町
8771104,オオイタケン,ヒタシ,オオツルホンマチ,大分県,日田市,大鶴本町
8771107,オオイタケン,ヒタシ,オオツルマチ,大分県,日田市,大鶴町
8771105,オオイタケン,ヒタシ,オオヒマチ,大分県,日田市,大肥町
8771106,オオイタケン,ヒタシ,オオヒホンマチ,大分県,日田市,大肥本町
8770033,オオイタケン,ヒタシ,オオベマチ,大分県,日田市,大部町
8770055,オオイタケン,ヒタシ,オオミヤマチ,大分県,日田市,大宮町
8770201,オオイタケン,ヒタシ,オオヤママチニシオオヤマ,大分県,日田市,大山町西大山
8770202,オオイタケン,ヒタシ,オオヤママチヒガシオオヤマ,大分県,日田市,大山町東大山
8770032,オオイタケン,ヒタシ,オガセマチ,大分県,日田市,小ケ瀬町
8771222,オオイタケン,ヒタシ,オガワチマチ,大分県,日田市,小河内町
8770088,オオイタケン,ヒタシ,オザコマチ,大分県,日田市,小迫町
8771362,オオイタケン,ヒタシ,オトウマチ,大分県,日田市,尾当町
8770064,オオイタケン,ヒタシ,オヤママチ,大分県,日田市,小山町
8770022,オオイタケン,ヒタシ,カミクマチ,大分県,日田市,神来町
8770003,オオイタケン,ヒタシ,カミジョウナイマチ,大分県,日田市,上城内町
8770312,オオイタケン,ヒタシ,カミツエマチカミノダ,大分県,日田市,上津江町上野田
8770311,オオイタケン,ヒタシ,カミツエマチカワバル,大分県,日田市,上津江町川原
8771372,オオイタケン,ヒタシ,カミモロドメマチ,大分県,日田市,上諸留町
8770076,オオイタケン,ヒタシ,カメガワマチ,大分県,日田市,亀川町
8770066,オオイタケン,ヒタシ,カワシタ,大分県,日田市,川下
8770043,オオイタケン,ヒタシ,カワハラマチ,大分県,日田市,川原町
8770045,オオイタケン,ヒタシ,キザンマチ,大分県,日田市,亀山町
8770078,オオイタケン,ヒタシ,キタトモダ,大分県,日田市,北友田
8770087,オオイタケン,ヒタシ,キミザコマチ,大分県,日田市,君迫町
8770051,オオイタケン,ヒタシ,キョウマチ,大分県,日田市,京町
8770063,オオイタケン,ヒタシ,クシカワマチ,大分県,日田市,串川町
8770044,オオイタケン,ヒタシ,クマ,大分県,日田市,隈
8770031,オオイタケン,ヒタシ,コガネマチ,大分県,日田市,古金町
8770054,オオイタケン,ヒタシ,コトヒラマチ,大分県,日田市,琴平町
8771231,オオイタケン,ヒタシ,ザイツマチ,大分県,日田市,財津町
8771354,オオイタケン,ヒタシ,サカイマチ,大分県,日田市,坂井町
8771351,オオイタケン,ヒタシ,サンノミヤマチ,大分県,日田市,三ノ宮町
8770016,オオイタケン,ヒタシ,サンボンマツ,大分県,日田市,三本松
8770017,オオイタケン,ヒタシ,サンボンマツシンマチ,大分県,日田市,三本松新町
8771232,オオイタケン,ヒタシ,シミズマチ,大分県,日田市,清水町
8770038,オオイタケン,ヒタシ,シモイデマチ,大分県,日田市,下井手町
8771102,オオイタケン,ヒタシ,ジョウグウマチ,大分県,日田市,上宮町
8770002,オオイタケン,ヒタシ,ジョウナイシンマチ,大分県,日田市,城内新町
8770004,オオイタケン,ヒタシ,シロマチ,大分県,日田市,城町
8771243,オオイタケン,ヒタシ,スズレマチ,大分県,日田市,鈴連町
8770081,オオイタケン,ヒタシ,セイガンジマチ,大分県,日田市,清岸寺町
8770056,オオイタケン,ヒタシ,セイワマチ,大分県,日田市,誠和町
8770052,オオイタケン,ヒタシ,ゼニブチマチ,大分県,日田市,銭渕町
8770059,オオイタケン,ヒタシ,ダイニチマチ,大分県,日田市,大日町
8770067,オオイタケン,ヒタシ,タカイマチ,大分県,日田市,高井町
8770053,オオイタケン,ヒタシ,タカセホンマチ,大分県,日田市,高瀬本町
8770041,オオイタケン,ヒタシ,タケダシンマチ,大分県,日田市,竹田新町
8770023,オオイタケン,ヒタシ,タシマ(オオアザ),大分県,日田市,田島（大字）
8770025,オオイタケン,ヒタシ,タシマ(チョウメ),大分県,日田市,田島（丁目）
8770026,オオイタケン,ヒタシ,タシマホンマチ,大分県,日田市,田島本町
8770071,オオイタケン,ヒタシ,タマガワマチ,大分県,日田市,玉川町
8770012,オオイタケン,ヒタシ,タンソウ,大分県,日田市,淡窓
8770015,オオイタケン,ヒタシ,チュウオウ,大分県,日田市,中央
8771373,オオイタケン,ヒタシ,ツキデマチ,大分県,日田市,月出町
8771103,オオイタケン,ヒタシ,ツルガワチマチ,大分県,日田市,鶴河内町
8771101,オオイタケン,ヒタシ,ツルギマチ,大分県,日田市,鶴城町
8771234,オオイタケン,ヒタシ,テンジンマチ,大分県,日田市,天神町
8771242,オオイタケン,ヒタシ,トノマチ,大分県,日田市,殿町
8771363,オオイタケン,ヒタシ,ナカオマチ,大分県,日田市,中尾町
8770011,オオイタケン,ヒタシ,ナカジョウマチ,大分県,日田市,中城町
8770302,オオイタケン,ヒタシ,ナカツエムラゴウセ,大分県,日田市,中津江村合瀬
8770301,オオイタケン,ヒタシ,ナカツエムラトチノ,大分県,日田市,中津江村栃野
8770075,オオイタケン,ヒタシ,ナカヅルマチ,大分県,日田市,中釣町
8770074,オオイタケン,ヒタシ,ナカノシママチ,大分県,日田市,中ノ島町
8770047,オオイタケン,ヒタシ,ナカホンマチ,大分県,日田市,中本町
8770058,オオイタケン,ヒタシ,ナンブマチ,大分県,日田市,南部町
8770072,オオイタケン,ヒタシ,ニイバルマチ,大分県,日田市,新治町
8770086,オオイタケン,ヒタシ,ニクシチョウ,大分県,日田市,二串町
8771353,オオイタケン,ヒタシ,ノボテマチ,大分県,日田市,上手町
8771384,オオイタケン,ヒタシ,ハタマチ,大分県,日田市,羽田町
8771381,オオイタケン,ヒタシ,ヒガシハタマチ,大分県,日田市,東羽田町
8770042,オオイタケン,ヒタシ,ヒガシマチ,大分県,日田市,東町
8770035,オオイタケン,ヒタシ,ヒダカマチ,大分県,日田市,日高町
8770073,オオイタケン,ヒタシ,ヒノクママチ,大分県,日田市,日ノ隈町
8770082,オオイタケン,ヒタシ,ヒノデマチ,大分県,日田市,日ノ出町
8771382,オオイタケン,ヒタシ,ヒノモトマチ,大分県,日田市,日の本町
8770083,オオイタケン,ヒタシ,フキアゲマチ,大分県,日田市,吹上町
8771221,オオイタケン,ヒタシ,フシキマチ,大分県,日田市,伏木町
8771225,オオイタケン,ヒタシ,フジヤママチ,大分県,日田市,藤山町
8770046,オオイタケン,ヒタシ,ホンジョウマチ,大分県,日田市,本庄町
8770014,オオイタケン,ヒタシ,ホンマチ,大分県,日田市,本町
8770211,オオイタケン,ヒタシ,マエツエマチアカイシ,大分県,日田市,前津江町赤石
8770212,オオイタケン,ヒタシ,マエツエマチオオノ,大分県,日田市,前津江町大野
8391421,オオイタケン,ヒタシ,マエツエマチユウギ(1-800バンチ、センゾウギ、トウノモト、ニタバル、ホンムラ),大分県,日田市,前津江町柚木（１～８００番地、千蔵木、塔ノ本、仁田原、本村）
8770221,オオイタケン,ヒタシ,マエツエマチユウギ(ソノタ),大分県,日田市,前津江町柚木（その他）
8771374,オオイタケン,ヒタシ,マツノマチ,大分県,日田市,松野町
8770005,オオイタケン,ヒタシ,マメダマチ,大分県,日田市,豆田町
8770007,オオイタケン,ヒタシ,マルノウチマチ,大分県,日田市,丸の内町
8770008,オオイタケン,ヒタシ,マルヤマ,大分県,日田市,丸山
8771364,オオイタケン,ヒタシ,ミイケマチ,大分県,日田市,三池町
8771244,オオイタケン,ヒタシ,ミカワマチ,大分県,日田市,三河町
8771365,オオイタケン,ヒタシ,ミズメマチ,大分県,日田市,水目町
8770065,オオイタケン,ヒタシ,ミドリマチ,大分県,日田市,緑町
8770006,オオイタケン,ヒタシ,ミナトマチ,大分県,日田市,港町
8770077,オオイタケン,ヒタシ,ミナミトモダマチ,大分県,日田市,南友田町
8770024,オオイタケン,ヒタシ,ミナミモトマチ,大分県,日田市,南元町
8770036,オオイタケン,ヒタシ,ミヨシコブチマチ,大分県,日田市,三芳小渕町
8771233,オオイタケン,ヒタシ,ミワダンチ,大分県,日田市,三和団地
8770013,オオイタケン,ヒタシ,モトマチ,大分県,日田市,元町
8771121,オオイタケン,ヒタシ,モトエマチ(イケノツル、サラヤマ),大分県,日田市,源栄町（池ノ鶴、皿山）
8771241,オオイタケン,ヒタシ,モトエマチ(ソノタ),大分県,日田市,源栄町（その他）
8770021,オオイタケン,ヒタシ,モトメマチ,大分県,日田市,求町
8770034,オオイタケン,ヒタシ,モモヤママチ,大分県,日田市,桃山町
8771371,オオイタケン,ヒタシ,モロドメマチ,大分県,日田市,諸留町
8770057,オオイタケン,ヒタシ,ヤハタマチ,大分県,日田市,八幡町
8770089,オオイタケン,ヒタシ,ヤマダマチ,大分県,日田市,山田町
8770039,オオイタケン,ヒタシ,ユキイマチ,大分県,日田市,刃連町
8771111,オオイタケン,ヒタシ,ヨアケカミマチ,大分県,日田市,夜明上町
8771112,オオイタケン,ヒタシ,ヨアケナカマチ,大分県,日田市,夜明中町
8771113,オオイタケン,ヒタシ,ヨアケセキマチ,大分県,日田市,夜明関町
8770037,オオイタケン,ヒタシ,ワカミヤマチ,大分県,日田市,若宮町
8760000,オオイタケン,サイキシ,イカニケイサイガナイバアイ,大分県,佐伯市,以下に掲載がない場合
8761513,オオイタケン,サイキシ,アオヤマ,大分県,佐伯市,青山
8760004,オオイタケン,サイキシ,アラジロウラ,大分県,佐伯市,荒網代浦
8760025,オオイタケン,サイキシ,イケダ,大分県,佐伯市,池田
8760833,オオイタケン,サイキシ,イケフネマチ,大分県,佐伯市,池船町
8760005,オオイタケン,サイキシ,イシマウラ,大分県,佐伯市,石間浦
8760042,オオイタケン,サイキシ,イナガキ,大分県,佐伯市,稲垣
8760849,オオイタケン,サイキシ,ウスツボ,大分県,佐伯市,臼坪
8760845,オオイタケン,サイキシ,ウチマチ,大分県,佐伯市,内町
8793201,オオイタケン,サイキシ,ウメオオヒラ,大分県,佐伯市,宇目大平
8793301,オオイタケン,サイキシ,ウメオノイチ,大分県,佐伯市,宇目小野市
8793202,オオイタケン,サイキシ,ウメカワチ,大分県,佐伯市,宇目河内
8793402,オオイタケン,サイキシ,ウメキウラウチ,大分県,佐伯市,宇目木浦内
8793401,オオイタケン,サイキシ,ウメキウラコウザン,大分県,佐伯市,宇目木浦鉱山
8793203,オオイタケン,サイキシ,ウメシオミゾノ,大分県,佐伯市,宇目塩見園
8793204,オオイタケン,サイキシ,ウメシゲオカ,大分県,佐伯市,宇目重岡
8793205,オオイタケン,サイキシ,ウメセンゾク,大分県,佐伯市,宇目千束
8793302,オオイタケン,サイキシ,ウメミナミタバル,大分県,佐伯市,宇目南田原
8760803,オオイタケン,サイキシ,エキマエ,大分県,佐伯市,駅前
8760016,オオイタケン,サイキシ,オウジマル,大分県,佐伯市,王子丸
8760036,オオイタケン,サイキシ,オオコエ,大分県,佐伯市,大越
8760831,オオイタケン,サイキシ,オオテマチ,大分県,佐伯市,大手町
8761105,オオイタケン,サイキシ,カイザキ,大分県,佐伯市,海崎
8760043,オオイタケン,サイキシ,カシノ,大分県,佐伯市,樫野
8760806,オオイタケン,サイキシ,カスガマチ,大分県,佐伯市,春日町
8761104,オオイタケン,サイキシ,カスミガウラ,大分県,佐伯市,霞ケ浦
8760008,オオイタケン,サイキシ,カタガミウラ,大分県,佐伯市,片神浦
8761512,オオイタケン,サイキシ,カタタ,大分県,佐伯市,堅田
8760801,オオイタケン,サイキシ,カヅラミナト,大分県,佐伯市,葛港
8762402,オオイタケン,サイキシ,カマエイノクシウラ,大分県,佐伯市,蒲江猪串浦
8762202,オオイタケン,サイキシ,カマエオウラ,大分県,佐伯市,蒲江尾浦
8762406,オオイタケン,サイキシ,カマエカズラハラウラ,大分県,佐伯市,蒲江葛原浦
8762401,オオイタケン,サイキシ,カマエカマエウラ,大分県,佐伯市,蒲江蒲江浦
8762203,オオイタケン,サイキシ,カマエクスモトウラ,大分県,佐伯市,蒲江楠本浦
8762301,オオイタケン,サイキシ,カマエタケノウラゴウチ,大分県,佐伯市,蒲江竹野浦河内
8762302,オオイタケン,サイキシ,カマエニシノウラ,大分県,佐伯市,蒲江西野浦
8762403,オオイタケン,サイキシ,カマエノノカワチウラ,大分県,佐伯市,蒲江野々河内浦
8762201,オオイタケン,サイキシ,カマエハタノウラ,大分県,佐伯市,蒲江畑野浦
8762407,オオイタケン,サイキシ,カマエハトウヅウラ,大分県,佐伯市,蒲江波当津浦
8762405,オオイタケン,サイキシ,カマエマルイチビウラ,大分県,佐伯市,蒲江丸市尾浦
8762404,オオイタケン,サイキシ,カマエモリザキウラ,大分県,佐伯市,蒲江森崎浦
8792601,オオイタケン,サイキシ,カミウラアザムイウラ,大分県,佐伯市,上浦浅海井浦
8792602,オオイタケン,サイキシ,カミウラツイウラ,大分県,佐伯市,上浦津井浦
8792603,オオイタケン,サイキシ,カミウラニイナメウラ,大分県,佐伯市,上浦最勝海浦
8760045,オオイタケン,サイキシ,カミオカ,大分県,佐伯市,上岡
8760027,オオイタケン,サイキシ,カミクベ,大分県,佐伯市,上久部
8760034,オオイタケン,サイキシ,カミジョウ,大分県,佐伯市,上城
8760022,オオイタケン,サイキシ,カミナダ,大分県,佐伯市,上灘
8761101,オオイタケン,サイキシ,カリウ,大分県,佐伯市,狩生
8760031,オオイタケン,サイキシ,カワバル,大分県,佐伯市,川原
8760804,オオイタケン,サイキシ,ガンダ,大分県,佐伯市,蟹田
8760035,オオイタケン,サイキシ,キシガワチ,大分県,佐伯市,岸河内
8762121,オオイタケン,サイキシ,キタチ,大分県,佐伯市,木立
8760007,オオイタケン,サイキシ,クボウラ,大分県,佐伯市,久保浦
8760841,オオイタケン,サイキシ,クルシママチ,大分県,佐伯市,来島町
8760011,オオイタケン,サイキシ,サカノウラ,大分県,佐伯市,坂の浦
8760052,オオイタケン,サイキシ,サカヤマ,大分県,佐伯市,坂山
8760003,オオイタケン,サイキシ,シウチウラ,大分県,佐伯市,塩内浦
8760024,オオイタケン,サイキシ,シモクベ,大分県,佐伯市,下久部
8760033,オオイタケン,サイキシ,シモジョウ,大分県,佐伯市,下城
8760848,オオイタケン,サイキシ,ジョウカヒガシマチ,大分県,佐伯市,城下東町
8760847,オオイタケン,サイキシ,ジョウカニシマチ,大分県,佐伯市,城下西町
8760063,オオイタケン,サイキシ,ジョウセイク,大分県,佐伯市,城西区
8760846,オオイタケン,サイキシ,ジョウトウマチ,大分県,佐伯市,城東町
8760834,オオイタケン,サイキシ,ジョウナンマチ,大分県,佐伯市,城南町
8760026,オオイタケン,サイキシ,ショウナン,大分県,佐伯市,匠南
8760014,オオイタケン,サイキシ,シラカタ,大分県,佐伯市,白方
8760824,オオイタケン,サイキシ,シンメジマ,大分県,佐伯市,新女島
8760832,オオイタケン,サイキシ,センドウマチ,大分県,佐伯市,船頭町
8760044,オオイタケン,サイキシ,タカバタ,大分県,佐伯市,高畠
8760053,オオイタケン,サイキシ,タカバタケ,大分県,佐伯市,高畑
8760001,オオイタケン,サイキシ,タカマツウラ,大分県,佐伯市,高松浦
8760807,オオイタケン,サイキシ,タノウラマチ,大分県,佐伯市,田の浦町
8760047,オオイタケン,サイキシ,ツルオカニシマチ,大分県,佐伯市,鶴岡西町
8760835,オオイタケン,サイキシ,ツルオカマチ,大分県,佐伯市,鶴岡町
8760012,オオイタケン,サイキシ,ツルミ,大分県,佐伯市,鶴望
8761204,オオイタケン,サイキシ,ツルミアリアケウラ,大分県,佐伯市,鶴見有明浦
8761313,オオイタケン,サイキシ,ツルミオオシマ,大分県,佐伯市,鶴見大島
8761203,オオイタケン,サイキシ,ツルミオキマツウラ,大分県,佐伯市,鶴見沖松浦
8761312,オオイタケン,サイキシ,ツルミカジヨセウラ,大分県,佐伯市,鶴見梶寄浦
8761202,オオイタケン,サイキシ,ツルミジマツウラ,大分県,佐伯市,鶴見地松浦
8761311,オオイタケン,サイキシ,ツルミタンガウラ,大分県,佐伯市,鶴見丹賀浦
8761306,オオイタケン,サイキシ,ツルミナカゴシウラ(サルト、ヒロウラ),大分県,佐伯市,鶴見中越浦（猿戸、広浦）
8761206,オオイタケン,サイキシ,ツルミナカゴシウラ(ソノタ),大分県,佐伯市,鶴見中越浦（その他）
8761205,オオイタケン,サイキシ,ツルミハイデウラ,大分県,佐伯市,鶴見羽出浦
8761201,オオイタケン,サイキシ,ツルミフキウラ,大分県,佐伯市,鶴見吹浦
8760811,オオイタケン,サイキシ,ツルヤマチ,大分県,佐伯市,鶴谷町
8760051,オオイタケン,サイキシ,テラダ,大分県,佐伯市,寺田
8760851,オオイタケン,サイキシ,トキワヒガシマチ,大分県,佐伯市,常盤東町
8760857,オオイタケン,サイキシ,トキワニシマチ,大分県,佐伯市,常盤西町
8760852,オオイタケン,サイキシ,トキワミナミマチ,大分県,佐伯市,常盤南町
8793101,オオイタケン,サイキシ,ナオカワアカギ,大分県,佐伯市,直川赤木
8793102,オオイタケン,サイキシ,ナオカワカミナオミ,大分県,佐伯市,直川上直見
8793103,オオイタケン,サイキシ,ナオカワシモナオミ,大分県,佐伯市,直川下直見
8793104,オオイタケン,サイキシ,ナオカワニタハラ,大分県,佐伯市,直川仁田原
8793105,オオイタケン,サイキシ,ナオカワヨコガワ,大分県,佐伯市,直川横川
8760812,オオイタケン,サイキシ,ナカエマチ,大分県,佐伯市,中江町
8760843,オオイタケン,サイキシ,ナカノシマ,大分県,佐伯市,中の島
8760842,オオイタケン,サイキシ,ナカノシマヒガシマチ,大分県,佐伯市,中ノ島東町
8760853,オオイタケン,サイキシ,ナカムラヒガシマチ,大分県,佐伯市,中村東町
8760855,オオイタケン,サイキシ,ナカムラニシマチ,大分県,佐伯市,中村西町
8760854,オオイタケン,サイキシ,ナカムラミナミマチ,大分県,佐伯市,中村南町
8760856,オオイタケン,サイキシ,ナカムラキタマチ,大分県,佐伯市,中村北町
8760032,オオイタケン,サイキシ,ナカヤマ,大分県,佐伯市,中山
8760813,オオイタケン,サイキシ,ナガシママチ,大分県,佐伯市,長島町
8760041,オオイタケン,サイキシ,ナガセ,大分県,佐伯市,長瀬
8761511,オオイタケン,サイキシ,ナガラ,大分県,佐伯市,長良
8760836,オオイタケン,サイキシ,ニシダニマチ,大分県,佐伯市,西谷町
8760822,オオイタケン,サイキシ,ニシハマ,大分県,佐伯市,西浜
8760815,オオイタケン,サイキシ,ノオカマチ,大分県,佐伯市,野岡町
8760017,オオイタケン,サイキシ,ノグチ,大分県,佐伯市,野口
8760037,オオイタケン,サイキシ,ハセ,大分県,佐伯市,長谷
8761106,オオイタケン,サイキシ,ヒアナ,大分県,佐伯市,戸穴
8760021,オオイタケン,サイキシ,ヒガシナダ,大分県,佐伯市,東灘
8760821,オオイタケン,サイキシ,ヒガシハマ,大分県,佐伯市,東浜
8760814,オオイタケン,サイキシ,ヒガシマチ,大分県,佐伯市,東町
8760802,オオイタケン,サイキシ,ヒノデマチ,大分県,佐伯市,日の出町
8760002,オオイタケン,サイキシ,ヒュウガドマリウラ,大分県,佐伯市,日向泊浦
8760018,オオイタケン,サイキシ,ヒラ,大分県,佐伯市,平
8760805,オオイタケン,サイキシ,ヒラノマチ,大分県,佐伯市,平野町
8761102,オオイタケン,サイキシ,フタバエ,大分県,佐伯市,二栄
8760062,オオイタケン,サイキシ,フルイチ,大分県,佐伯市,古市
8760023,オオイタケン,サイキシ,ヘビザキ,大分県,佐伯市,蛇崎
8760844,オオイタケン,サイキシ,ホウジマ,大分県,佐伯市,向島
8760211,オオイタケン,サイキシ,ホンジョウイノウエ,大分県,佐伯市,本匠井ノ上
8760212,オオイタケン,サイキシ,ホンジョウインビ,大分県,佐伯市,本匠因尾
8760204,オオイタケン,サイキシ,ホンジョウウツツ,大分県,佐伯市,本匠宇津々
8760206,オオイタケン,サイキシ,ホンジョウオガワ,大分県,佐伯市,本匠小川
8760215,オオイタケン,サイキシ,ホンジョウオナガラ,大分県,佐伯市,本匠小半
8760202,オオイタケン,サイキシ,ホンジョウカサカケ,大分県,佐伯市,本匠笠掛
8760201,オオイタケン,サイキシ,ホンジョウカザト,大分県,佐伯市,本匠風戸
8760214,オオイタケン,サイキシ,ホンジョウコウヅガワ,大分県,佐伯市,本匠上津川
8760213,オオイタケン,サイキシ,ホンジョウドウノマ,大分県,佐伯市,本匠堂ノ間
8760205,オオイタケン,サイキシ,ホンジョウハキ,大分県,佐伯市,本匠波寄
8760203,オオイタケン,サイキシ,ホンジョウミマタ,大分県,佐伯市,本匠三股
8760216,オオイタケン,サイキシ,ホンジョウヤマブ,大分県,佐伯市,本匠山部
8760823,オオイタケン,サイキシ,メジマ,大分県,佐伯市,女島
8760015,オオイタケン,サイキシ,モモタニ,大分県,佐伯市,百谷
8761103,オオイタケン,サイキシ,モリエ,大分県,佐伯市,護江
8760006,オオイタケン,サイキシ,モリゴウラ,大分県,佐伯市,守後浦
8760061,オオイタケン,サイキシ,モンゼ,大分県,佐伯市,門前
8760064,オオイタケン,サイキシ,ヤサコク,大分県,佐伯市,八迫区
8760111,オオイタケン,サイキシ,ヤヨイイサキ,大分県,佐伯市,弥生井崎
8760125,オオイタケン,サイキシ,ヤヨイエラ,大分県,佐伯市,弥生江良
8760101,オオイタケン,サイキシ,ヤヨイオオサカモト,大分県,佐伯市,弥生大坂本
8760112,オオイタケン,サイキシ,ヤヨイカミオグラ,大分県,佐伯市,弥生上小倉
8760122,オオイタケン,サイキシ,ヤヨイカンタ,大分県,佐伯市,弥生門田
8760121,オオイタケン,サイキシ,ヤヨイコダ,大分県,佐伯市,弥生小田
8760124,オオイタケン,サイキシ,ヤヨイサイタ,大分県,佐伯市,弥生細田
8760102,オオイタケン,サイキシ,ヤヨイシャクマ,大分県,佐伯市,弥生尺間
8760126,オオイタケン,サイキシ,ヤヨイヒサギウチ,大分県,佐伯市,弥生提内
8760123,オオイタケン,サイキシ,ヤヨイヒライ,大分県,佐伯市,弥生平井
8760113,オオイタケン,サイキシ,ヤヨイヤマナシ,大分県,佐伯市,弥生山梨子
8760103,オオイタケン,サイキシ,ヤヨイユカギ,大分県,佐伯市,弥生床木
8761402,オオイタケン,サイキシ,ヨノウヅイロリウラ,大分県,佐伯市,米水津色利浦
8761401,オオイタケン,サイキシ,ヨノウヅウラシロウラ(ソノタ),大分県,佐伯市,米水津浦代浦（その他）
8761301,オオイタケン,サイキシ,ヨノウヅウラシロウラ(ハザコ、ヨシガウラ),大分県,佐伯市,米水津浦代浦（間越、芳ケ浦）
8761404,オオイタケン,サイキシ,ヨノウヅコウラ,大分県,佐伯市,米水津小浦
8761405,オオイタケン,サイキシ,ヨノウヅタケノウラ,大分県,佐伯市,米水津竹野浦
8761403,オオイタケン,サイキシ,ヨノウヅミヤノウラ,大分県,佐伯市,米水津宮野浦
8760013,オオイタケン,サイキシ,ワカミヤマチ,大分県,佐伯市,若宮町
8760046,オオイタケン,サイキシ,ワキ,大分県,佐伯市,脇
8750000,オオイタケン,ウスキシ,イカニケイサイガナイバアイ,大分県,臼杵市,以下に掲載がない場合
8750065,オオイタケン,ウスキシ,イエノ,大分県,臼杵市,家野
8750034,オオイタケン,ウスキシ,イタチヤ,大分県,臼杵市,板知屋
8750052,オオイタケン,ウスキシ,イチハマ,大分県,臼杵市,市浜
8750082,オオイタケン,ウスキシ,イナダ,大分県,臼杵市,稲田
8750083,オオイタケン,ウスキシ,イムラ,大分県,臼杵市,井村
8750041,オオイタケン,ウスキシ,ウスキ,大分県,臼杵市,臼杵
8750023,オオイタケン,ウスキシ,エムタ,大分県,臼杵市,江無田
8750033,オオイタケン,ウスキシ,オオトマリ,大分県,臼杵市,大泊
8750004,オオイタケン,ウスキシ,オオノ,大分県,臼杵市,大野
8750012,オオイタケン,ウスキシ,オオハマ,大分県,臼杵市,大浜
8750077,オオイタケン,ウスキシ,オトミ,大分県,臼杵市,乙見
8750042,オオイタケン,ウスキシ,カイゾエ,大分県,臼杵市,海添
8750073,オオイタケン,ウスキシ,カキダキ,大分県,臼杵市,掻懐
8750032,オオイタケン,ウスキシ,カザナシ,大分県,臼杵市,風成
8750070,オオイタケン,ウスキシ,クギオノ,大分県,臼杵市,久木小野
8750001,オオイタケン,ウスキシ,サシウ,大分県,臼杵市,佐志生
8750074,オオイタケン,ウスキシ,サヅル,大分県,臼杵市,左津留
8750002,オオイタケン,ウスキシ,シタノエ,大分県,臼杵市,下ノ江
8750022,オオイタケン,ウスキシ,スエヒロ,大分県,臼杵市,末広
8750011,オオイタケン,ウスキシ,スワ,大分県,臼杵市,諏訪
8750003,オオイタケン,ウスキシ,タイ,大分県,臼杵市,田井
8750078,オオイタケン,ウスキシ,タカヤマ,大分県,臼杵市,高山
8750084,オオイタケン,ウスキシ,タケヤ,大分県,臼杵市,岳谷
8750079,オオイタケン,ウスキシ,タケヤマ,大分県,臼杵市,武山
8750021,オオイタケン,ウスキシ,タジリ,大分県,臼杵市,田尻
8750051,オオイタケン,ウスキシ,トムロ,大分県,臼杵市,戸室
8750072,オオイタケン,ウスキシ,ナカウスキ,大分県,臼杵市,中臼杵
8750075,オオイタケン,ウスキシ,ナカオ,大分県,臼杵市,中尾
8750013,オオイタケン,ウスキシ,ナカツウラ,大分県,臼杵市,中津浦
8750043,オオイタケン,ウスキシ,ニオウザ,大分県,臼杵市,二王座
8750062,オオイタケン,ウスキシ,ノダ,大分県,臼杵市,野田
8750221,オオイタケン,ウスキシ,ノツマチアキヤマ,大分県,臼杵市,野津町秋山
8750343,オオイタケン,ウスキシ,ノツマチイワヤ,大分県,臼杵市,野津町岩屋
8750232,オオイタケン,ウスキシ,ノツマチウガク,大分県,臼杵市,野津町烏嶽
8750212,オオイタケン,ウスキシ,ノツマチオイマツ,大分県,臼杵市,野津町老松
8750215,オオイタケン,ウスキシ,ノツマチオウジ,大分県,臼杵市,野津町王子
8750342,オオイタケン,ウスキシ,ノツマチオチダニ,大分県,臼杵市,野津町落谷
8750352,オオイタケン,ウスキシ,ノツマチカキガワチ,大分県,臼杵市,野津町垣河内
8750216,オオイタケン,ウスキシ,ノツマチカメコウ,大分県,臼杵市,野津町亀甲
8750237,オオイタケン,ウスキシ,ノツマチササムタ,大分県,臼杵市,野津町西寒田
8750344,オオイタケン,ウスキシ,ノツマチシライワ,大分県,臼杵市,野津町白岩
8750341,オオイタケン,ウスキシ,ノツマチソウズバル,大分県,臼杵市,野津町清水原
8750231,オオイタケン,ウスキシ,ノツマチチヅカ,大分県,臼杵市,野津町千塚
8750351,オオイタケン,ウスキシ,ノツマチトマリ,大分県,臼杵市,野津町泊
8750353,オオイタケン,ウスキシ,ノツマチニシコウノ,大分県,臼杵市,野津町西神野
8750224,オオイタケン,ウスキシ,ノツマチニシハタ,大分県,臼杵市,野津町西畑
8750201,オオイタケン,ウスキシ,ノツマチノツイチ,大分県,臼杵市,野津町野津市
8750213,オオイタケン,ウスキシ,ノツマチハチリゴウ,大分県,臼杵市,野津町八里合
8750234,オオイタケン,ウスキシ,ノツマチハル,大分県,臼杵市,野津町原
8750323,オオイタケン,ウスキシ,ノツマチヒガシタニ(ミエダニ),大分県,臼杵市,野津町東谷（三重谷）
8750223,オオイタケン,ウスキシ,ノツマチヒガシタニ(ソノタ),大分県,臼杵市,野津町東谷（その他）
8750214,オオイタケン,ウスキシ,ノツマチフクラギ,大分県,臼杵市,野津町福良木
8750235,オオイタケン,ウスキシ,ノツマチフジオノ,大分県,臼杵市,野津町藤小野
8750203,オオイタケン,ウスキシ,ノツマチマエガワチ,大分県,臼杵市,野津町前河内
8750211,オオイタケン,ウスキシ,ノツマチミヤコバル,大分県,臼杵市,野津町都原
8750233,オオイタケン,ウスキシ,ノツマチミヤバル,大分県,臼杵市,野津町宮原
8750202,オオイタケン,ウスキシ,ノツマチヤマズ,大分県,臼杵市,野津町山頭
8750236,オオイタケン,ウスキシ,ノツマチユノキ,大分県,臼杵市,野津町柚野木
8750222,オオイタケン,ウスキシ,ノツマチヨシダ,大分県,臼杵市,野津町吉田
8750076,オオイタケン,ウスキシ,ヒガシコウノ,大分県,臼杵市,東神野
8750031,オオイタケン,ウスキシ,フカエ,大分県,臼杵市,深江
8750064,オオイタケン,ウスキシ,フカタ,大分県,臼杵市,深田
8750053,オオイタケン,ウスキシ,フクラ,大分県,臼杵市,福良
8750081,オオイタケン,ウスキシ,フジカワチ,大分県,臼杵市,藤河内
8750061,オオイタケン,ウスキシ,マエダ,大分県,臼杵市,前田
8750063,オオイタケン,ウスキシ,モチヅキ,大分県,臼杵市,望月
8750071,オオイタケン,ウスキシ,ヨシオノ,大分県,臼杵市,吉小野
8792400,オオイタケン,ツクミシ,イカニケイサイガナイバアイ,大分県,津久見市,以下に掲載がない場合
8792682,オオイタケン,ツクミシ,アジロ,大分県,津久見市,網代
8792445,オオイタケン,ツクミシ,イムタマチ,大分県,津久見市,井無田町
8792459,オオイタケン,ツクミシ,イリフネヒガシマチ,大分県,津久見市,入船東町
8792458,オオイタケン,ツクミシ,イリフネニシマチ,大分県,津久見市,入船西町
8792411,オオイタケン,ツクミシ,イワヤマチ,大分県,津久見市,岩屋町
8792431,オオイタケン,ツクミシ,オオトモマチ,大分県,津久見市,大友町
8792455,オオイタケン,ツクミシ,オカマチ,大分県,津久見市,岡町
8792475,オオイタケン,ツクミシ,カタウラ,大分県,津久見市,堅浦
8792461,オオイタケン,ツクミシ,カミアオエ,大分県,津久見市,上青江
8792436,オオイタケン,ツクミシ,カミミヤモトマチ,大分県,津久見市,上宮本町
8792471,オオイタケン,ツクミシ,ゴウノモトマチ,大分県,津久見市,合ノ元町
8792453,オオイタケン,ツクミシ,コゾノマチ,大分県,津久見市,小園町
8792454,オオイタケン,ツクミシ,ジゾウマチ,大分県,津久見市,地蔵町
8792457,オオイタケン,ツクミシ,シテマチ,大分県,津久見市,志手町
8792446,オオイタケン,ツクミシ,シモアオエ,大分県,津久見市,下青江
8792451,オオイタケン,ツクミシ,シンマチ,大分県,津久見市,新町
8792443,オオイタケン,ツクミシ,セメントマチ,大分県,津久見市,セメント町
8792412,オオイタケン,ツクミシ,タカスマチ,大分県,津久見市,高洲町
8792434,オオイタケン,ツクミシ,タチバナマチ,大分県,津久見市,立花町
8792401,オオイタケン,ツクミシ,チヌ,大分県,津久見市,千怒
8792441,オオイタケン,ツクミシ,チュウオウマチ,大分県,津久見市,中央町
8792421,オオイタケン,ツクミシ,ツクミ,大分県,津久見市,津久見
8792413,オオイタケン,ツクミシ,ツクミウラ,大分県,津久見市,津久見浦
8792474,オオイタケン,ツクミシ,トクウラ,大分県,津久見市,徳浦
8792472,オオイタケン,ツクミシ,トクウラホンマチ,大分県,津久見市,徳浦本町
8792473,オオイタケン,ツクミシ,トクウラミヤマチ,大分県,津久見市,徳浦宮町
8792433,オオイタケン,ツクミシ,ナカダマチ,大分県,津久見市,中田町
8792452,オオイタケン,ツクミシ,ナカマチ,大分県,津久見市,中町
8792476,オオイタケン,ツクミシ,ナガメ,大分県,津久見市,長目
8792681,オオイタケン,ツクミシ,ヒミ,大分県,津久見市,日見
8792432,オオイタケン,ツクミシ,ブンキョウマチ,大分県,津久見市,文京町
8792501,オオイタケン,ツクミシ,ホトジマ,大分県,津久見市,保戸島
8792442,オオイタケン,ツクミシ,ミナトマチ,大分県,津久見市,港町
8792435,オオイタケン,ツクミシ,ミヤモトマチ,大分県,津久見市,宮本町
8792444,オオイタケン,ツクミシ,モトマチ,大分県,津久見市,元町
8792456,オオイタケン,ツクミシ,モンゼンマチ,大分県,津久見市,門前町
8792422,オオイタケン,ツクミシ,ヤト,大分県,津久見市,八戸
8792683,オオイタケン,ツクミシ,ヨウラ,大分県,津久見市,四浦
8780000,オオイタケン,タケタシ,イカニケイサイガナイバアイ,大分県,竹田市,以下に掲載がない場合
8780011,オオイタケン,タケタシ,アイアイ,大分県,竹田市,会々
8780021,オオイタケン,タケタシ,アナイザコ,大分県,竹田市,穴井迫
8780153,オオイタケン,タケタシ,イチモチ,大分県,竹田市,市用
8796182,オオイタケン,タケタシ,イマ,大分県,竹田市,今
8780022,オオイタケン,タケタシ,イワセ,大分県,竹田市,岩瀬
8780031,オオイタケン,タケタシ,イワモト,大分県,竹田市,岩本
8780001,オオイタケン,タケタシ,ウエキ,大分県,竹田市,植木
8780002,オオイタケン,タケタシ,エダ,大分県,竹田市,枝
8780032,オオイタケン,タケタシ,オオタ,大分県,竹田市,太田
8780141,オオイタケン,タケタシ,オガワ,大分県,竹田市,小川
8796134,オオイタケン,タケタシ,オギマチウリツクリ,大分県,竹田市,荻町瓜作
8796113,オオイタケン,タケタシ,オギマチエラハル,大分県,竹田市,荻町恵良原
8796126,オオイタケン,タケタシ,オギマチオオダイラ,大分県,竹田市,荻町大平
8796122,オオイタケン,タケタシ,オギマチカシワバル,大分県,竹田市,荻町柏原
8796127,オオイタケン,タケタシ,オギマチカナイノ,大分県,竹田市,荻町叶野
8796135,オオイタケン,タケタシ,オギマチキタバル,大分県,竹田市,荻町北原
8796101,オオイタケン,タケタシ,オギマチキノシタ,大分県,竹田市,荻町木下
8796121,オオイタケン,タケタシ,オギマチクワギ,大分県,竹田市,荻町桑木
8796132,オオイタケン,タケタシ,オギマチサイフクジ,大分県,竹田市,荻町西福寺
8796131,オオイタケン,タケタシ,オギマチシギタ,大分県,竹田市,荻町鴫田
8796103,オオイタケン,タケタシ,オギマチシンドウ,大分県,竹田市,荻町新藤
8796116,オオイタケン,タケタシ,オギマチタカジョウ,大分県,竹田市,荻町高城
8796128,オオイタケン,タケタシ,オギマチタカネリキ,大分県,竹田市,荻町高練木
8796133,オオイタケン,タケタシ,オギマチタシロ,大分県,竹田市,荻町田代
8796115,オオイタケン,タケタシ,オギマチババ,大分県,竹田市,荻町馬場
8796124,オオイタケン,タケタシ,オギマチヒナタメ,大分県,竹田市,荻町陽目
8796104,オオイタケン,タケタシ,オギマチフジワタリ,大分県,竹田市,荻町藤渡
8796125,オオイタケン,タケタシ,オギマチブツメン,大分県,竹田市,荻町仏面
8796112,オオイタケン,タケタシ,オギマチマセノ,大分県,竹田市,荻町馬背野
8796102,オオイタケン,タケタシ,オギマチマドコロ,大分県,竹田市,荻町政所
8796111,オオイタケン,タケタシ,オギマチミナミガワチ,大分県,竹田市,荻町南河内
8796123,オオイタケン,タケタシ,オギマチミヤビラ,大分県,竹田市,荻町宮平
8796181,オオイタケン,タケタシ,オヅカ,大分県,竹田市,小塚
8780003,オオイタケン,タケタシ,カタカセ,大分県,竹田市,片ケ瀬
8780161,オオイタケン,タケタシ,カミサカダ,大分県,竹田市,上坂田
8780163,オオイタケン,タケタシ,カミハタ,大分県,竹田市,上畑
8780164,オオイタケン,タケタシ,カリオノ,大分県,竹田市,刈小野
8780154,オオイタケン,タケタシ,カワドコ,大分県,竹田市,川床
8780143,オオイタケン,タケタシ,キバル,大分県,竹田市,城原
8780023,オオイタケン,タケタシ,キミガソノ,大分県,竹田市,君ケ園
8780572,オオイタケン,タケタシ,クジュウノ,大分県,竹田市,九重野
8780202,オオイタケン,タケタシ,クジュウマチアリウジ,大分県,竹田市,久住町有氏
8780204,オオイタケン,タケタシ,クジュウマチカヤギ,大分県,竹田市,久住町栢木
8780201,オオイタケン,タケタシ,クジュウマチクジュウ,大分県,竹田市,久住町久住
8780205,オオイタケン,タケタシ,クジュウマチシラニ,大分県,竹田市,久住町白丹
8780206,オオイタケン,タケタシ,クジュウマチソエガツル,大分県,竹田市,久住町添ケ津留
8780203,オオイタケン,タケタシ,クジュウマチブツバル,大分県,竹田市,久住町仏原
8780256,オオイタケン,タケタシ,クボ(1449バンチ),大分県,竹田市,久保（１４４９番地）
8780156,オオイタケン,タケタシ,クボ(ソノタ),大分県,竹田市,久保（その他）
8780576,オオイタケン,タケタシ,クラキ,大分県,竹田市,倉木
8780574,オオイタケン,タケタシ,コウバル,大分県,竹田市,神原
8780155,オオイタケン,タケタシ,シトチ,大分県,竹田市,志土知
8780151,オオイタケン,タケタシ,シモサカダ,大分県,竹田市,下坂田
8780152,オオイタケン,タケタシ,シモシトチ,大分県,竹田市,下志土知
8796184,オオイタケン,タケタシ,スゴウ,大分県,竹田市,菅生
8780162,オオイタケン,タケタシ,スミカマド,大分県,竹田市,炭竈
8780575,オオイタケン,タケタシ,タイ,大分県,竹田市,田井
8780144,オオイタケン,タケタシ,タカブシ,大分県,竹田市,高伏
8780013,オオイタケン,タケタシ,タケタ,大分県,竹田市,竹田
8780012,オオイタケン,タケタシ,タケタマチ,大分県,竹田市,竹田町
8780024,オオイタケン,タケタシ,タマライ,大分県,竹田市,玉来
8780571,オオイタケン,タケタシ,ツギクラ,大分県,竹田市,次倉
8796183,オオイタケン,タケタシ,トウエ,大分県,竹田市,戸上
8780403,オオイタケン,タケタシ,ナオイリマチカミタギタ,大分県,竹田市,直入町上田北
8780401,オオイタケン,タケタシ,ナオイリマチカミツツミ,大分県,竹田市,直入町神堤
8780404,オオイタケン,タケタシ,ナオイリマチシモタギタ,大分県,竹田市,直入町下田北
8780402,オオイタケン,タケタシ,ナオイリマチナガユ,大分県,竹田市,直入町長湯
8780004,オオイタケン,タケタシ,ナカ,大分県,竹田市,中
8780573,オオイタケン,タケタシ,ナカツノ,大分県,竹田市,中角
8780033,オオイタケン,タケタシ,ニュウタ,大分県,竹田市,入田
8780025,オオイタケン,タケタシ,ハイタバル,大分県,竹田市,拝田原
8780005,オオイタケン,タケタシ,ハサダ,大分県,竹田市,挾田
8780026,オオイタケン,タケタシ,ヒダガワ,大分県,竹田市,飛田川
8780006,オオイタケン,タケタシ,ヒラタ,大分県,竹田市,平田
8780142,オオイタケン,タケタシ,フクハラ,大分県,竹田市,福原
8780146,オオイタケン,タケタシ,フルゾノ,大分県,竹田市,古園
8780007,オオイタケン,タケタシ,ミヤケ,大分県,竹田市,三宅
8780027,オオイタケン,タケタシ,ムコウヤマダ,大分県,竹田市,向山田
8780034,オオイタケン,タケタシ,モンデン,大分県,竹田市,門田
8780035,オオイタケン,タケタシ,ヨシダ,大分県,竹田市,吉田
8780145,オオイタケン,タケタシ,ヨナイ,大分県,竹田市,米納
8780028,オオイタケン,タケタシ,ワタセ,大分県,竹田市,渡瀬
8790600,オオイタケン,ブンゴタカダシ,イカニケイサイガナイバアイ,大分県,豊後高田市,以下に掲載がない場合
8790733,オオイタケン,ブンゴタカダシ,アラオ,大分県,豊後高田市,荒尾
8790722,オオイタケン,ブンゴタカダシ,イチハタ,大分県,豊後高田市,一畑
8790626,オオイタケン,ブンゴタカダシ,イママチ,大分県,豊後高田市,今町
8721107,オオイタケン,ブンゴタカダシ,ウスノ,大分県,豊後高田市,臼野
8790723,オオイタケン,ブンゴタカダシ,ウメノキ,大分県,豊後高田市,梅ノ木
8721201,オオイタケン,ブンゴタカダシ,エビス,大分県,豊後高田市,夷
8721102,オオイタケン,ブンゴタカダシ,オオイワヤ,大分県,豊後高田市,大岩屋
8721106,オオイタケン,ブンゴタカダシ,オオヒラ,大分県,豊後高田市,大平
8790605,オオイタケン,ブンゴタカダシ,オダマ,大分県,豊後高田市,御玉
8721202,オオイタケン,ブンゴタカダシ,カカヂ,大分県,豊後高田市,香々地
8790622,オオイタケン,ブンゴタカダシ,カジヤマチ,大分県,豊後高田市,鍛治屋町
8721203,オオイタケン,ブンゴタカダシ,カタク,大分県,豊後高田市,堅来
8790603,オオイタケン,ブンゴタカダシ,カナエ,大分県,豊後高田市,鼎
8790623,オオイタケン,ブンゴタカダシ,カナヤマチ,大分県,豊後高田市,金谷町
8721204,オオイタケン,ブンゴタカダシ,カミカカヂ,大分県,豊後高田市,上香々地
8790721,オオイタケン,ブンゴタカダシ,カレガワ,大分県,豊後高田市,加礼川
8790601,オオイタケン,ブンゴタカダシ,クサジ,大分県,豊後高田市,草地
8790614,オオイタケン,ブンゴタカダシ,クナワ,大分県,豊後高田市,来縄
8790608,オオイタケン,ブンゴタカダシ,クレサキ,大分県,豊後高田市,呉崎
8721103,オオイタケン,ブンゴタカダシ,クロツチ,大分県,豊後高田市,黒土
8790613,オオイタケン,ブンゴタカダシ,コダワラ,大分県,豊後高田市,小田原
8721205,オオイタケン,ブンゴタカダシ,コバタ,大分県,豊後高田市,小畑
8790621,オオイタケン,ブンゴタカダシ,コレナガマチ,大分県,豊後高田市,是永町
8790615,オオイタケン,ブンゴタカダシ,サカイ,大分県,豊後高田市,界
8790612,オオイタケン,ブンゴタカダシ,サノ,大分県,豊後高田市,佐野
8721104,オオイタケン,ブンゴタカダシ,ジョウゼン,大分県,豊後高田市,城前
8790609,オオイタケン,ブンゴタカダシ,ジョウダイ,大分県,豊後高田市,城台
8790607,オオイタケン,ブンゴタカダシ,シンエイ,大分県,豊後高田市,新栄
8790724,オオイタケン,ブンゴタカダシ,シンジョウ,大分県,豊後高田市,新城
8790627,オオイタケン,ブンゴタカダシ,シンチ,大分県,豊後高田市,新地
8790628,オオイタケン,ブンゴタカダシ,シンマチ,大分県,豊後高田市,新町
8790732,オオイタケン,ブンゴタカダシ,ダイリキ,大分県,豊後高田市,大力
8790617,オオイタケン,ブンゴタカダシ,タカダ,大分県,豊後高田市,高田
8790843,オオイタケン,ブンゴタカダシ,タシブアイワラ,大分県,豊後高田市,田染相原
8790842,オオイタケン,ブンゴタカダシ,タシブイケベ,大分県,豊後高田市,田染池部
8790844,オオイタケン,ブンゴタカダシ,タシブウエノ,大分県,豊後高田市,田染上野
8790854,オオイタケン,ブンゴタカダシ,タシブオサキ,大分県,豊後高田市,田染小崎
8790853,オオイタケン,ブンゴタカダシ,タシブヒラノ,大分県,豊後高田市,田染平野
8790841,オオイタケン,ブンゴタカダシ,タシブフキ,大分県,豊後高田市,田染蕗
8790855,オオイタケン,ブンゴタカダシ,タシブマキ,大分県,豊後高田市,田染真木
8790852,オオイタケン,ブンゴタカダシ,タシブマナカ,大分県,豊後高田市,田染真中
8790851,オオイタケン,ブンゴタカダシ,タシブヨコミネ,大分県,豊後高田市,田染横嶺
8790606,オオイタケン,ブンゴタカダシ,タマツ,大分県,豊後高田市,玉津
8790618,オオイタケン,ブンゴタカダシ,チュウオウドオリ,大分県,豊後高田市,中央通
8790734,オオイタケン,ブンゴタカダシ,ツイジ,大分県,豊後高田市,築地
8790731,オオイタケン,ブンゴタカダシ,ナガイワヤ,大分県,豊後高田市,長岩屋
8721101,オオイタケン,ブンゴタカダシ,ナカマタマ,大分県,豊後高田市,中真玉
8721105,オオイタケン,ブンゴタカダシ,ニシマタマ,大分県,豊後高田市,西真玉
8790619,オオイタケン,ブンゴタカダシ,ハママチ,大分県,豊後高田市,浜町
8721206,オオイタケン,ブンゴタカダシ,ハネ,大分県,豊後高田市,羽根
8790602,オオイタケン,ブンゴタカダシ,ハライダ,大分県,豊後高田市,払田
8790624,オオイタケン,ブンゴタカダシ,ホンマチ,大分県,豊後高田市,本町
8790735,オオイタケン,ブンゴタカダシ,マツユキ,大分県,豊後高田市,松行
8790616,オオイタケン,ブンゴタカダシ,ミズサキ,大分県,豊後高田市,水崎
8790625,オオイタケン,ブンゴタカダシ,ミズトリ,大分県,豊後高田市,水取
8721207,オオイタケン,ブンゴタカダシ,ミメ,大分県,豊後高田市,見目
8790604,オオイタケン,ブンゴタカダシ,ミワ,大分県,豊後高田市,美和
8790611,オオイタケン,ブンゴタカダシ,モリ,大分県,豊後高田市,森
8730000,オオイタケン,キツキシ,イカニケイサイガナイバアイ,大分県,杵築市,以下に掲載がない場合
8730011,オオイタケン,キツキシ,アイワラ,大分県,杵築市,相原
8730005,オオイタケン,キツキシ,イノオ,大分県,杵築市,猪尾
8730021,オオイタケン,キツキシ,イワヤ,大分県,杵築市,岩谷
8730006,オオイタケン,キツキシ,オオウチ,大分県,杵築市,大内
8730022,オオイタケン,キツキシ,オオカタヒラ,大分県,杵築市,大片平
8790901,オオイタケン,キツキシ,オオタイシマル,大分県,杵築市,大田石丸
8790904,オオイタケン,キツキシ,オオタオノ,大分県,杵築市,大田小野
8790902,オオイタケン,キツキシ,オオタクツカケ,大分県,杵築市,大田沓掛
8790912,オオイタケン,キツキシ,オオタシラキハラ,大分県,杵築市,大田白木原
8790903,オオイタケン,キツキシ,オオタナガマツ,大分県,杵築市,大田永松
8790911,オオイタケン,キツキシ,オオタハダカタ,大分県,杵築市,大田波多方
8730041,オオイタケン,キツキシ,オオタマタミズ(アマツツミ),大分県,杵築市,大田俣水（天堤）
8790941,オオイタケン,キツキシ,オオタマタミズ(ソノタ),大分県,杵築市,大田俣水（その他）
8730007,オオイタケン,キツキシ,カタノ,大分県,杵築市,片野
8730023,オオイタケン,キツキシ,カモガワ,大分県,杵築市,鴨川
8730031,オオイタケン,キツキシ,カリシュク,大分県,杵築市,狩宿
8730001,オオイタケン,キツキシ,キツキ,大分県,杵築市,杵築
8730008,オオイタケン,キツキシ,クマノ,大分県,杵築市,熊野
8730012,オオイタケン,キツキシ,ナカ,大分県,杵築市,中
8730032,オオイタケン,キツキシ,ナダ,大分県,杵築市,奈多
8730003,オオイタケン,キツキシ,ババオ,大分県,杵築市,馬場尾
8730013,オオイタケン,キツキシ,ヒノ,大分県,杵築市,日野
8730024,オオイタケン,キツキシ,フナベ,大分県,杵築市,船部
8730014,オオイタケン,キツキシ,ホンジョウ,大分県,杵築市,本庄
8730025,オオイタケン,キツキシ,ミゾイ,大分県,杵築市,溝井
8730002,オオイタケン,キツキシ,ミナミキツキ,大分県,杵築市,南杵築
8730004,オオイタケン,キツキシ,ミヤジ,大分県,杵築市,宮司
8730033,オオイタケン,キツキシ,モリエ,大分県,杵築市,守江
8730015,オオイタケン,キツキシ,ヤサカ,大分県,杵築市,八坂
8791311,オオイタケン,キツキシ,ヤマガマチウチガワノ,大分県,杵築市,山香町内河野
8791304,オオイタケン,キツキシ,ヤマガマチオダケ,大分県,杵築市,山香町小武
8791313,オオイタケン,キツキシ,ヤマガマチクギノオ,大分県,杵築市,山香町久木野尾
8791305,オオイタケン,キツキシ,ヤマガマチクラナリ,大分県,杵築市,山香町倉成
8791303,オオイタケン,キツキシ,ヤマガマチシモ,大分県,杵築市,山香町下
8791302,オオイタケン,キツキシ,ヤマガマチタテイシ,大分県,杵築市,山香町立石
8791307,オオイタケン,キツキシ,ヤマガマチノハル,大分県,杵築市,山香町野原
8791312,オオイタケン,キツキシ,ヤマガマチヒサシ,大分県,杵築市,山香町日指
8791306,オオイタケン,キツキシ,ヤマガマチヒロセ,大分県,杵築市,山香町広瀬
8791314,オオイタケン,キツキシ,ヤマガマチミナミハタ,大分県,杵築市,山香町南畑
8791301,オオイタケン,キツキシ,ヤマガマチムクノ,大分県,杵築市,山香町向野
8791315,オオイタケン,キツキシ,ヤマガマチヤマウラ,大分県,杵築市,山香町山浦
8791316,オオイタケン,キツキシ,ヤマガマチヨシノワタリ,大分県,杵築市,山香町吉野渡
8730034,オオイタケン,キツキシ,ヨコギ,大分県,杵築市,横城
8720000,オオイタケン,ウサシ,イカニケイサイガナイバアイ,大分県,宇佐市,以下に掲載がない場合
8791138,オオイタケン,ウサシ,アオモリ,大分県,宇佐市,青森
8790233,オオイタケン,ウサシ,アカオ,大分県,宇佐市,赤尾
8720732,オオイタケン,ウサシ,アジムマチイタバ,大分県,宇佐市,安心院町板場
8720518,オオイタケン,ウサシ,アジムマチイマイ,大分県,宇佐市,安心院町今井
8720843,オオイタケン,ウサシ,アジムマチウケノクチ,大分県,宇佐市,安心院町筌ノ口
8720654,オオイタケン,ウサシ,アジムマチウチガワノ,大分県,宇佐市,安心院町内川野
8720510,オオイタケン,ウサシ,アジムマチウットクバル,大分県,宇佐市,安心院町有徳原
8720663,オオイタケン,ウサシ,アジムマチオオミオ,大分県,宇佐市,安心院町大見尾
8720522,オオイタケン,ウサシ,アジムマチオシキダ,大分県,宇佐市,安心院町折敷田
8720703,オオイタケン,ウサシ,アジムマチオダテ,大分県,宇佐市,安心院町尾立
8720671,オオイタケン,ウサシ,アジムマチカツオ,大分県,宇佐市,安心院町且尾
8720511,オオイタケン,ウサシ,アジムマチカミイチ,大分県,宇佐市,安心院町上市
8720852,オオイタケン,ウサシ,アジムマチカミウチガワノ,大分県,宇佐市,安心院町上内河野
8720723,オオイタケン,ウサシ,アジムマチカヤゴモリ,大分県,宇佐市,安心院町萱籠
8720731,オオイタケン,ウサシ,アジムマチカワサキ,大分県,宇佐市,安心院町川崎
8720862,オオイタケン,ウサシ,アジムマチカワソコ,大分県,宇佐市,安心院町川底
8720507,オオイタケン,ウサシ,アジムマチキノモ,大分県,宇佐市,安心院町木裳
8720674,オオイタケン,ウサシ,アジムマチクイダ,大分県,宇佐市,安心院町久井田
8720673,オオイタケン,ウサシ,アジムマチクチノツボ,大分県,宇佐市,安心院町口ノ坪
8720541,オオイタケン,ウサシ,アジムマチクマ,大分県,宇佐市,安心院町熊
8720712,オオイタケン,ウサシ,アジムマチゴロウマル,大分県,宇佐市,安心院町五郎丸
8720861,オオイタケン,ウサシ,アジムマチサカイノツボ,大分県,宇佐市,安心院町境ノ坪
8720661,オオイタケン,ウサシ,アジムマチササガヒラ,大分県,宇佐市,安心院町笹ケ平
8720651,オオイタケン,ウサシ,アジムマチサダ,大分県,宇佐市,安心院町佐田
8720842,オオイタケン,ウサシ,アジムマチシモウチガワノ,大分県,宇佐市,安心院町下内河野
8720521,オオイタケン,ウサシ,アジムマチシモゲ,大分県,宇佐市,安心院町下毛
8720504,オオイタケン,ウサシ,アジムマチショウ,大分県,宇佐市,安心院町荘
8720542,オオイタケン,ウサシ,アジムマチショウガクジ,大分県,宇佐市,安心院町正覚寺
8720873,オオイタケン,ウサシ,アジムマチシンガイ,大分県,宇佐市,安心院町新貝
8720854,オオイタケン,ウサシ,アジムマチソウズ,大分県,宇佐市,安心院町寒水
8720863,オオイタケン,ウサシ,アジムマチソベ,大分県,宇佐市,安心院町村部
8720517,オオイタケン,ウサシ,アジムマチダイ,大分県,宇佐市,安心院町大
8720523,オオイタケン,ウサシ,アジムマチダイブツ,大分県,宇佐市,安心院町大佛
8720857,オオイタケン,ウサシ,アジムマチタタミイシ,大分県,宇佐市,安心院町畳石
8720526,オオイタケン,ウサシ,アジムマチタノクチ,大分県,宇佐市,安心院町田ノ口
8720527,オオイタケン,ウサシ,アジムマチツジ,大分県,宇佐市,安心院町辻
8720524,オオイタケン,ウサシ,アジムマチツネマツ,大分県,宇佐市,安心院町恒松
8720506,オオイタケン,ウサシ,アジムマチツマガケ,大分県,宇佐市,安心院町妻垣
8720664,オオイタケン,ウサシ,アジムマチトウノオ,大分県,宇佐市,安心院町塔尾
8720505,オオイタケン,ウサシ,アジムマチトカタ,大分県,宇佐市,安心院町戸方
8720514,オオイタケン,ウサシ,アジムマチトリゴエ,大分県,宇佐市,安心院町鳥越
8720525,オオイタケン,ウサシ,アジムマチナカヤマ,大分県,宇佐市,安心院町中山
8720701,オオイタケン,ウサシ,アジムマチナラモト,大分県,宇佐市,安心院町楢本
8720503,オオイタケン,ウサシ,アジムマチニイバル,大分県,宇佐市,安心院町新原
8720519,オオイタケン,ウサシ,アジムマチニシノト,大分県,宇佐市,安心院町西衲
8720515,オオイタケン,ウサシ,アジムマチノヤマ,大分県,宇佐市,安心院町野山
8720501,オオイタケン,ウサシ,アジムマチハル,大分県,宇佐市,安心院町原
8720864,オオイタケン,ウサシ,アジムマチバンギ,大分県,宇佐市,安心院町番木
8720502,オオイタケン,ウサシ,アジムマチハンダ,大分県,宇佐市,安心院町飯田
8720702,オオイタケン,ウサシ,アジムマチヒガシエラ,大分県,宇佐市,安心院町東恵良
8720724,オオイタケン,ウサシ,アジムマチヒガシシイヤ,大分県,宇佐市,安心院町東椎屋
8720543,オオイタケン,ウサシ,アジムマチヒラガクラ,大分県,宇佐市,安心院町平ケ倉
8720871,オオイタケン,ウサシ,アジムマチヒラヤマ,大分県,宇佐市,安心院町平山
8720672,オオイタケン,ウサシ,アジムマチヒロタニ,大分県,宇佐市,安心院町広谷
8720851,オオイタケン,ウサシ,アジムマチヒロツレ,大分県,宇佐市,安心院町広連
8720855,オオイタケン,ウサシ,アジムマチフキノ,大分県,宇佐市,安心院町福貴野
8720872,オオイタケン,ウサシ,アジムマチフナイタ,大分県,宇佐市,安心院町舟板
8720512,オオイタケン,ウサシ,アジムマチフルイチ,大分県,宇佐市,安心院町古市
8720655,オオイタケン,ウサシ,アジムマチフルカワ,大分県,宇佐市,安心院町古川
8720653,オオイタケン,ウサシ,アジムマチボウガハタ,大分県,宇佐市,安心院町房ケ畑
8720865,オオイタケン,ウサシ,アジムマチホトギ,大分県,宇佐市,安心院町佛木
8720733,オオイタケン,ウサシ,アジムマチマツモト,大分県,宇佐市,安心院町松本
8720858,オオイタケン,ウサシ,アジムマチミズクルマ,大分県,宇佐市,安心院町水車
8720722,オオイタケン,ウサシ,アジムマチミナミハタ,大分県,宇佐市,安心院町南畑
8720853,オオイタケン,ウサシ,アジムマチモト,大分県,宇佐市,安心院町元
8720516,オオイタケン,ウサシ,アジムマチモリ,大分県,宇佐市,安心院町森
8720675,オオイタケン,ウサシ,アジムマチヤザキ,大分県,宇佐市,安心院町矢崎
8720662,オオイタケン,ウサシ,アジムマチヤヅ,大分県,宇佐市,安心院町矢津
8720841,オオイタケン,ウサシ,アジムマチヤハタ,大分県,宇佐市,安心院町矢畑
8720652,オオイタケン,ウサシ,アジムマチヤマゾウ,大分県,宇佐市,安心院町山蔵
8720856,オオイタケン,ウサシ,アジムマチヤマノクチ,大分県,宇佐市,安心院町山ノ口
8720513,オオイタケン,ウサシ,アジムマチリュウオウ,大分県,宇佐市,安心院町龍王
8720711,オオイタケン,ウサシ,アジムマチロクロウマル,大分県,宇佐市,安心院町六郎丸
8720721,オオイタケン,ウサシ,アジムマチワカバヤシ,大分県,宇佐市,安心院町若林
8790501,オオイタケン,ウサシ,アソウ,大分県,宇佐市,麻生
8790312,オオイタケン,ウサシ,アラキ,大分県,宇佐市,荒木
8790444,オオイタケン,ウサシ,イシダ,大分県,宇佐市,石田
8791131,オオイタケン,ウサシ,イデミツ,大分県,宇佐市,出光
8790514,オオイタケン,ウサシ,イマナリ,大分県,宇佐市,今成
8790234,オオイタケン,ウサシ,イマニ,大分県,宇佐市,今仁
8791132,オオイタケン,ウサシ,イワサキ,大分県,宇佐市,岩崎
8720011,オオイタケン,ウサシ,イワホシンデン,大分県,宇佐市,岩保新田
8720323,オオイタケン,ウサシ,インナイマチオオシゲミ,大分県,宇佐市,院内町大重見
8720331,オオイタケン,ウサシ,インナイマチオオソイ,大分県,宇佐市,院内町大副
8720458,オオイタケン,ウサシ,インナイマチオオツボ,大分県,宇佐市,院内町大坪
8720457,オオイタケン,ウサシ,インナイマチオカ,大分県,宇佐市,院内町岡
8720314,オオイタケン,ウサシ,インナイマチオキ,大分県,宇佐市,院内町沖
8720482,オオイタケン,ウサシ,インナイマチオギサコ,大分県,宇佐市,院内町荻迫
8720316,オオイタケン,ウサシ,インナイマチオサカ,大分県,宇佐市,院内町小坂
8720334,オオイタケン,ウサシ,インナイマチオチカクラ,大分県,宇佐市,院内町落狩倉
8720324,オオイタケン,ウサシ,インナイマチオノゴウチ,大分県,宇佐市,院内町小野川内
8720342,オオイタケン,ウサシ,インナイマチカゲヘラ,大分県,宇佐市,院内町景平
8720459,オオイタケン,ウサシ,インナイマチカミアマリ,大分県,宇佐市,院内町上余
8720484,オオイタケン,ウサシ,インナイマチカミエラ,大分県,宇佐市,院内町上恵良
8720452,オオイタケン,ウサシ,インナイマチカミノウジ,大分県,宇佐市,院内町上納持
8720326,オオイタケン,ウサシ,インナイマチカミフナギ,大分県,宇佐市,院内町上船木
8720315,オオイタケン,ウサシ,インナイマチキタヤマ,大分県,宇佐市,院内町北山
8720312,オオイタケン,ウサシ,インナイマチクシノ,大分県,宇佐市,院内町櫛野
8720466,オオイタケン,ウサシ,インナイマチクバチ,大分県,宇佐市,院内町来鉢
8720456,オオイタケン,ウサシ,インナイマチクリヤマ,大分県,宇佐市,院内町栗山
8720325,オオイタケン,ウサシ,インナイマチコイネ,大分県,宇佐市,院内町小稲
8720311,オオイタケン,ウサシ,インナイマチコウシタ,大分県,宇佐市,院内町香下
8720455,オオイタケン,ウサシ,インナイマチコビラ,大分県,宇佐市,院内町小平
8720321,オオイタケン,ウサシ,インナイマチゴミョウ,大分県,宇佐市,院内町五名
8720341,オオイタケン,ウサシ,インナイマチサイトウ,大分県,宇佐市,院内町斎藤
8720451,オオイタケン,ウサシ,インナイマチシモアマリ,大分県,宇佐市,院内町下余
8720481,オオイタケン,ウサシ,インナイマチシモエラ,大分県,宇佐市,院内町下恵良
8720327,オオイタケン,ウサシ,インナイマチシモフナギ,大分県,宇佐市,院内町下船木
8720346,オオイタケン,ウサシ,インナイマチジョウベットウ,大分県,宇佐市,院内町定別当
8720313,オオイタケン,ウサシ,インナイマチシンドウ,大分県,宇佐市,院内町新洞
8720318,オオイタケン,ウサシ,インナイマチソイ,大分県,宇佐市,院内町副
8720461,オオイタケン,ウサシ,インナイマチダイ,大分県,宇佐市,院内町台
8720344,オオイタケン,ウサシ,インナイマチダイモン,大分県,宇佐市,院内町大門
8720328,オオイタケン,ウサシ,インナイマチタカナミ,大分県,宇佐市,院内町高並
8720454,オオイタケン,ウサシ,インナイマチタキサダ,大分県,宇佐市,院内町滝貞
8720473,オオイタケン,ウサシ,インナイマチタドコロ,大分県,宇佐市,院内町田所
8720465,オオイタケン,ウサシ,インナイマチタビラ,大分県,宇佐市,院内町田平
8720345,オオイタケン,ウサシ,インナイマチツキノマタ,大分県,宇佐市,院内町月俣
8720483,オオイタケン,ウサシ,インナイマチツチイワヤ,大分県,宇佐市,院内町土岩屋
8720464,オオイタケン,ウサシ,インナイマチニシシイヤ,大分県,宇佐市,院内町西椎屋
8720471,オオイタケン,ウサシ,インナイマチヌクミ,大分県,宇佐市,院内町温見
8720472,オオイタケン,ウサシ,インナイマチノジ,大分県,宇佐市,院内町野地
8720462,オオイタケン,ウサシ,インナイマチハバレ,大分県,宇佐市,院内町羽馬礼
8720333,オオイタケン,ウサシ,インナイマチハルグチ,大分県,宇佐市,院内町原口
8720322,オオイタケン,ウサシ,インナイマチヒノタケ,大分県,宇佐市,院内町日岳
8720453,オオイタケン,ウサシ,インナイマチヒラバル,大分県,宇佐市,院内町平原
8720317,オオイタケン,ウサシ,インナイマチヒロセ,大分県,宇佐市,院内町広瀬
8720302,オオイタケン,ウサシ,インナイマチフツカイチ,大分県,宇佐市,院内町二日市
8720301,オオイタケン,ウサシ,インナイマチミクツ,大分県,宇佐市,院内町御沓
8720343,オオイタケン,ウサシ,インナイマチミヤバル,大分県,宇佐市,院内町宮原
8720332,オオイタケン,ウサシ,インナイマチヤマシロ,大分県,宇佐市,院内町山城
8720463,オオイタケン,ウサシ,インナイマチワダ,大分県,宇佐市,院内町和田
8790453,オオイタケン,ウサシ,ウエダ,大分県,宇佐市,上田
8791126,オオイタケン,ウサシ,エグマ,大分県,宇佐市,江熊
8720032,オオイタケン,ウサシ,エスカ,大分県,宇佐市,江須賀
8790464,オオイタケン,ウサシ,オオツカ,大分県,宇佐市,大塚
8790232,オオイタケン,ウサシ,オオネガワ,大分県,宇佐市,大根川
8720031,オオイタケン,ウサシ,オキスマチ,大分県,宇佐市,沖須町
8790301,オオイタケン,ウサシ,オトメシンデン,大分県,宇佐市,乙女新田
8790304,オオイタケン,ウサシ,オナガイ,大分県,宇佐市,尾永井
8791128,オオイタケン,ウサシ,カナマル,大分県,宇佐市,金丸
8720021,オオイタケン,ウサシ,カナヤ,大分県,宇佐市,金屋
8790303,オオイタケン,ウサシ,カミオトメ,大分県,宇佐市,上乙女
8790163,オオイタケン,ウサシ,カミシキダ,大分県,宇佐市,上敷田
8790153,オオイタケン,ウサシ,カミショウ,大分県,宇佐市,上庄
8790313,オオイタケン,ウサシ,カミタカ,大分県,宇佐市,上高
8790305,オオイタケン,ウサシ,カミタケイ,大分県,宇佐市,上高家
8790315,オオイタケン,ウサシ,カミトキエダ,大分県,宇佐市,上時枝
8720366,オオイタケン,ウサシ,カミハイタ(シンドウ),大分県,宇佐市,上拝田（新洞）
8790466,オオイタケン,ウサシ,カミハイタ(ソノタ),大分県,宇佐市,上拝田（その他）
8790472,オオイタケン,ウサシ,カミモトシゲ,大分県,宇佐市,上元重
8720112,オオイタケン,ウサシ,カミヤベ,大分県,宇佐市,上矢部
8790456,オオイタケン,ウサシ,カラシマ,大分県,宇佐市,辛島
8791137,オオイタケン,ウサシ,カリウダ,大分県,宇佐市,苅宇田
8790452,オオイタケン,ウサシ,カワベ,大分県,宇佐市,川部
8720103,オオイタケン,ウサシ,キタウサ,大分県,宇佐市,北宇佐
8720013,オオイタケン,ウサシ,キタツルダシンデン,大分県,宇佐市,北鶴田新田
8790516,オオイタケン,ウサシ,キノウチ,大分県,宇佐市,木内
8720042,オオイタケン,ウサシ,キフネマチ,大分県,宇佐市,貴船町
8790235,オオイタケン,ウサシ,キベ,大分県,宇佐市,木部
8720012,オオイタケン,ウサシ,キュウベエシンデン,大分県,宇佐市,久兵衛新田
8790443,オオイタケン,ウサシ,クズハラ,大分県,宇佐市,葛原
8720114,オオイタケン,ウサシ,クマ,大分県,宇佐市,熊
8790512,オオイタケン,ウサシ,クロ,大分県,宇佐市,黒
8720045,オオイタケン,ウサシ,グンチュウシンデン,大分県,宇佐市,郡中新田
8790455,オオイタケン,ウサシ,ゴウ,大分県,宇佐市,閤
8720104,オオイタケン,ウサシ,コムクノ,大分県,宇佐市,小向野
8720043,オオイタケン,ウサシ,コヤスマチ,大分県,宇佐市,子安町
8791136,オオイタケン,ウサシ,サイギ,大分県,宇佐市,西木
8720016,オオイタケン,ウサシ,サザレ,大分県,宇佐市,佐々礼
8790237,オオイタケン,ウサシ,サノ,大分県,宇佐市,佐野
8790314,オオイタケン,ウサシ,サルワタリ,大分県,宇佐市,猿渡
8790457,オオイタケン,ウサシ,シバハラ,大分県,宇佐市,芝原
8790236,オオイタケン,ウサシ,シミズ,大分県,宇佐市,清水
8790302,オオイタケン,ウサシ,シモオトメ,大分県,宇佐市,下乙女
8790161,オオイタケン,ウサシ,シモシキダ,大分県,宇佐市,下敷田
8790152,オオイタケン,ウサシ,シモショウ,大分県,宇佐市,下庄
8790317,オオイタケン,ウサシ,シモタカ,大分県,宇佐市,下高
8790308,オオイタケン,ウサシ,シモタケイ,大分県,宇佐市,下高家
8790316,オオイタケン,ウサシ,シモトキエダ,大分県,宇佐市,下時枝
8790465,オオイタケン,ウサシ,シモハイタ,大分県,宇佐市,下拝田
8790473,オオイタケン,ウサシ,シモモトシゲ,大分県,宇佐市,下元重
8720111,オオイタケン,ウサシ,シモヤベ,大分県,宇佐市,下矢部
8720047,オオイタケン,ウサシ,ジュンプウシンデン,大分県,宇佐市,順風新田
8790442,オオイタケン,ウサシ,ジョウイ,大分県,宇佐市,城井
8720113,オオイタケン,ウサシ,ショウガクジ,大分県,宇佐市,正覚寺
8790515,オオイタケン,ウサシ,スエ,大分県,宇佐市,末
8720044,オオイタケン,ウサシ,スミエ,大分県,宇佐市,住江
8720033,オオイタケン,ウサシ,スミヨシマチ,大分県,宇佐市,住吉町
8720046,オオイタケン,ウサシ,タカサゴシンデン,大分県,宇佐市,高砂新田
8720101,オオイタケン,ウサシ,タカモリ,大分県,宇佐市,高森
8790502,オオイタケン,ウサシ,タケノクビ,大分県,宇佐市,岳ノ首
8791123,オオイタケン,ウサシ,タテイシ,大分県,宇佐市,立石
8790164,オオイタケン,ウサシ,トミヤマ,大分県,宇佐市,富山
8790513,オオイタケン,ウサシ,ナカ,大分県,宇佐市,中
8790162,オオイタケン,ウサシ,ナカシキダ,大分県,宇佐市,中敷田
8790463,オオイタケン,ウサシ,ナカハル,大分県,宇佐市,中原
8720001,オオイタケン,ウサシ,ナガス,大分県,宇佐市,長洲
8790503,オオイタケン,ウサシ,ナダ,大分県,宇佐市,灘
8720022,オオイタケン,ウサシ,ニシオオボリ,大分県,宇佐市,西大堀
8790306,オオイタケン,ウサシ,ニシタケイ,大分県,宇佐市,西高家
8791127,オオイタケン,ウサシ,ニシヤシキ,大分県,宇佐市,西屋敷
8720023,オオイタケン,ウサシ,ニナギ,大分県,宇佐市,蜷木
8791134,オオイタケン,ウサシ,ハシヅ,大分県,宇佐市,橋津
8790451,オオイタケン,ウサシ,ハタケダ,大分県,宇佐市,畑田
8790307,オオイタケン,ウサシ,ハマタケイ,大分県,宇佐市,浜高家
8791133,オオイタケン,ウサシ,ヒアシ,大分県,宇佐市,日足
8791121,オオイタケン,ウサシ,ヒガシオオボリ,大分県,宇佐市,東大堀
8790309,オオイタケン,ウサシ,ヒガシタケイ,大分県,宇佐市,東高家
8790461,オオイタケン,ウサシ,ヒダ,大分県,宇佐市,樋田
8790462,オオイタケン,ウサシ,ビュウ,大分県,宇佐市,別府
8790454,オオイタケン,ウサシ,ホウキョウジ,大分県,宇佐市,法鏡寺
8720015,オオイタケン,ウサシ,マツサキ,大分県,宇佐市,松崎
8720041,オオイタケン,ウサシ,ミコヤマシンデン,大分県,宇佐市,神子山新田
8720102,オオイタケン,ウサシ,ミナミウサ,大分県,宇佐市,南宇佐
8790231,オオイタケン,ウサシ,ミナミシキダ,大分県,宇佐市,南敷田
8720014,オオイタケン,ウサシ,ミナミツルダシンデン,大分県,宇佐市,南鶴田新田
8790151,オオイタケン,ウサシ,ミヤグマ,大分県,宇佐市,宮熊
8790311,オオイタケン,ウサシ,モリヤマ,大分県,宇佐市,森山
8791124,オオイタケン,ウサシ,ヤマ,大分県,宇佐市,山
8790504,オオイタケン,ウサシ,ヤマグチ,大分県,宇佐市,山口
8790474,オオイタケン,ウサシ,ヤマシタ,大分県,宇佐市,山下
8790511,オオイタケン,ウサシ,ヤマブクロ,大分県,宇佐市,山袋
8790467,オオイタケン,ウサシ,ヤマモト,大分県,宇佐市,山本
8791122,オオイタケン,ウサシ,ヨコタ,大分県,宇佐市,横田
8790441,オオイタケン,ウサシ,ヨシマツ,大分県,宇佐市,吉松
8790471,オオイタケン,ウサシ,ヨッカイチ,大分県,宇佐市,四日市
8791125,オオイタケン,ウサシ,リョウカイ,大分県,宇佐市,両戒
8791135,オオイタケン,ウサシ,ワキ,大分県,宇佐市,和気
8797100,オオイタケン,ブンゴオオノシ,イカニケイサイガナイバアイ,大分県,豊後大野市,以下に掲載がない場合
8796222,オオイタケン,ブンゴオオノシ,アサジマチアサジ,大分県,豊後大野市,朝地町朝地
8796224,オオイタケン,ブンゴオオノシ,アサジマチイケダ,大分県,豊後大野市,朝地町池田
8796223,オオイタケン,ブンゴオオノシ,アサジマチイタイザコ,大分県,豊後大野市,朝地町板井迫
8796201,オオイタケン,ブンゴオオノシ,アサジマチイチマンダ,大分県,豊後大野市,朝地町市万田
8796213,オオイタケン,ブンゴオオノシ,アサジマチカミオツカ,大分県,豊後大野市,朝地町上尾塚
8796333,オオイタケン,ブンゴオオノシ,アサジマチクリバヤシ,大分県,豊後大野市,朝地町栗林
8796212,オオイタケン,ブンゴオオノシ,アサジマチシガ,大分県,豊後大野市,朝地町志賀
8796202,オオイタケン,ブンゴオオノシ,アサジマチシモノ,大分県,豊後大野市,朝地町下野
8796221,オオイタケン,ブンゴオオノシ,アサジマチツボイズミ,大分県,豊後大野市,朝地町坪泉
8796331,オオイタケン,ブンゴオオノシ,アサジマチトリタ,大分県,豊後大野市,朝地町鳥田
8796334,オオイタケン,ブンゴオオノシ,アサジマチナシコ,大分県,豊後大野市,朝地町梨小
8796211,オオイタケン,ブンゴオオノシ,アサジマチミヤオ,大分県,豊後大野市,朝地町宮生
8796332,オオイタケン,ブンゴオオノシ,アサジマチワタダ,大分県,豊後大野市,朝地町綿田
8797301,オオイタケン,ブンゴオオノシ,イヌカイマチイヌカイ,大分県,豊後大野市,犬飼町犬飼
8797304,オオイタケン,ブンゴオオノシ,イヌカイマチオオソウ,大分県,豊後大野市,犬飼町大寒
8797302,オオイタケン,ブンゴオオノシ,イヌカイマチクバル,大分県,豊後大野市,犬飼町久原
8797314,オオイタケン,ブンゴオオノシ,イヌカイマチクリガハタ,大分県,豊後大野市,犬飼町栗ケ畑
8797313,オオイタケン,ブンゴオオノシ,イヌカイマチクロマツ,大分県,豊後大野市,犬飼町黒松
8797312,オオイタケン,ブンゴオオノシ,イヌカイマチコウヅハル,大分県,豊後大野市,犬飼町高津原
8797307,オオイタケン,ブンゴオオノシ,イヌカイマチササムタ,大分県,豊後大野市,犬飼町西寒田
8797311,オオイタケン,ブンゴオオノシ,イヌカイマチシバキタ,大分県,豊後大野市,犬飼町柴北
8797306,オオイタケン,ブンゴオオノシ,イヌカイマチシモツオ,大分県,豊後大野市,犬飼町下津尾
8797305,オオイタケン,ブンゴオオノシ,イヌカイマチタハラ,大分県,豊後大野市,犬飼町田原
8797316,オオイタケン,ブンゴオオノシ,イヌカイマチナガハタ,大分県,豊後大野市,犬飼町長畑
8797315,オオイタケン,ブンゴオオノシ,イヌカイマチヤマウチ,大分県,豊後大野市,犬飼町山内
8797303,オオイタケン,ブンゴオオノシ,イヌカイマチユノキ,大分県,豊後大野市,犬飼町柚野木
8796401,オオイタケン,ブンゴオオノシ,オオノマチアンドウ,大分県,豊後大野市,大野町安藤
8796404,オオイタケン,ブンゴオオノシ,オオノマチウシロダ,大分県,豊後大野市,大野町後田
8796433,オオイタケン,ブンゴオオノシ,オオノマチオオハル,大分県,豊後大野市,大野町大原
8796445,オオイタケン,ブンゴオオノシ,オオノマチカタシマ,大分県,豊後大野市,大野町片島
8796435,オオイタケン,ブンゴオオノシ,オオノマチキタゾノ,大分県,豊後大野市,大野町北園
8796434,オオイタケン,ブンゴオオノシ,オオノマチクワバル,大分県,豊後大野市,大野町桑原
8796426,オオイタケン,ブンゴオオノシ,オオノマチコオリヤマ,大分県,豊後大野市,大野町郡山
8796422,オオイタケン,ブンゴオオノシ,オオノマチコグラキ,大分県,豊後大野市,大野町小倉木
8796431,オオイタケン,ブンゴオオノシ,オオノマチサカイジ,大分県,豊後大野市,大野町酒井寺
8796408,オオイタケン,ブンゴオオノシ,オオノマチサワタ,大分県,豊後大野市,大野町沢田
8796406,オオイタケン,ブンゴオオノシ,オオノマチスギゾノ,大分県,豊後大野市,大野町杉園
8796405,オオイタケン,ブンゴオオノシ,オオノマチダイサンゴ,大分県,豊後大野市,大野町代三五
8796444,オオイタケン,ブンゴオオノシ,オオノマチタシロ,大分県,豊後大野市,大野町田代
8796441,オオイタケン,ブンゴオオノシ,オオノマチタナカ,大分県,豊後大野市,大野町田中
8796407,オオイタケン,ブンゴオオノシ,オオノマチトトキ,大分県,豊後大野市,大野町十時
8796402,オオイタケン,ブンゴオオノシ,オオノマチナカハジ,大分県,豊後大野市,大野町中土師
8796403,オオイタケン,ブンゴオオノシ,オオノマチナガハタ,大分県,豊後大野市,大野町長畑
8796421,オオイタケン,ブンゴオオノシ,オオノマチナカバル,大分県,豊後大野市,大野町中原
8796424,オオイタケン,ブンゴオオノシ,オオノマチナタセ,大分県,豊後大野市,大野町夏足
8796442,オオイタケン,ブンゴオオノシ,オオノマチフジキタ,大分県,豊後大野市,大野町藤北
8796443,オオイタケン,ブンゴオオノシ,オオノマチミヤザコ,大分県,豊後大野市,大野町宮迫
8796423,オオイタケン,ブンゴオオノシ,オオノマチヤダ,大分県,豊後大野市,大野町矢田
8796432,オオイタケン,ブンゴオオノシ,オオノマチヤバル,大分県,豊後大野市,大野町屋原
8796425,オオイタケン,ブンゴオオノシ,オオノマチリョウケ,大分県,豊後大野市,大野町両家
8796613,オオイタケン,ブンゴオオノシ,オガタマチイノウエ,大分県,豊後大野市,緒方町井上
8796864,オオイタケン,ブンゴオオノシ,オガタマチウワハタ,大分県,豊後大野市,緒方町上畑
8796633,オオイタケン,ブンゴオオノシ,オガタマチオアテ,大分県,豊後大野市,緒方町小宛
8796759,オオイタケン,ブンゴオオノシ,オガタマチオオイシ,大分県,豊後大野市,緒方町大石
8796861,オオイタケン,ブンゴオオノシ,オガタマチオハル,大分県,豊後大野市,緒方町小原
8796865,オオイタケン,ブンゴオオノシ,オガタマチオビラコウザン,大分県,豊後大野市,緒方町尾平鉱山
8796625,オオイタケン,ブンゴオオノシ,オガタマチカミイヌヅカ,大分県,豊後大野市,緒方町上犬塚
8796642,オオイタケン,ブンゴオオノシ,オガタマチカミジザイ,大分県,豊後大野市,緒方町上自在
8796751,オオイタケン,ブンゴオオノシ,オガタマチカミトシノ,大分県,豊後大野市,緒方町上年野
8796755,オオイタケン,ブンゴオオノシ,オガタマチカミフユバル,大分県,豊後大野市,緒方町上冬原
8796757,オオイタケン,ブンゴオオノシ,オガタマチキノ,大分県,豊後大野市,緒方町木野
8796641,オオイタケン,ブンゴオオノシ,オガタマチクサブカノ,大分県,豊後大野市,緒方町草深野
8796616,オオイタケン,ブンゴオオノシ,オガタマチクドチ,大分県,豊後大野市,緒方町久土知
8796862,オオイタケン,ブンゴオオノシ,オガタマチクリウ,大分県,豊後大野市,緒方町栗生
8796612,オオイタケン,ブンゴオオノシ,オガタマチコシオ,大分県,豊後大野市,緒方町越生
8796602,オオイタケン,ブンゴオオノシ,オガタマチシガ,大分県,豊後大野市,緒方町志賀
8796635,オオイタケン,ブンゴオオノシ,オガタマチジクマル,大分県,豊後大野市,緒方町軸丸
8796643,オオイタケン,ブンゴオオノシ,オガタマチシモジザイ,大分県,豊後大野市,緒方町下自在
8796753,オオイタケン,ブンゴオオノシ,オガタマチシモトクダ,大分県,豊後大野市,緒方町下徳田
8796626,オオイタケン,ブンゴオオノシ,オガタマチタイカ,大分県,豊後大野市,緒方町大化
8796863,オオイタケン,ブンゴオオノシ,オガタマチタイザコ,大分県,豊後大野市,緒方町滞迫
8796614,オオイタケン,ブンゴオオノシ,オガタマチチタ,大分県,豊後大野市,緒方町知田
8796632,オオイタケン,ブンゴオオノシ,オガタマチツジ,大分県,豊後大野市,緒方町辻
8796634,オオイタケン,ブンゴオオノシ,オガタマチテラバル,大分県,豊後大野市,緒方町寺原
8796622,オオイタケン,ブンゴオオノシ,オガタマチテンジン,大分県,豊後大野市,緒方町天神
8796756,オオイタケン,ブンゴオオノシ,オガタマチトクダ,大分県,豊後大野市,緒方町徳田
8796758,オオイタケン,ブンゴオオノシ,オガタマチナカノ,大分県,豊後大野市,緒方町中野
8796611,オオイタケン,ブンゴオオノシ,オガタマチナタセ,大分県,豊後大野市,緒方町夏足
8796621,オオイタケン,ブンゴオオノシ,オガタマチノジリ,大分県,豊後大野市,緒方町野尻
8796601,オオイタケン,ブンゴオオノシ,オガタマチババ,大分県,豊後大野市,緒方町馬場
8796631,オオイタケン,ブンゴオオノシ,オガタマチハラジリ,大分県,豊後大野市,緒方町原尻
8796624,オオイタケン,ブンゴオオノシ,オガタマチヒライシ,大分県,豊後大野市,緒方町平石
8796615,オオイタケン,ブンゴオオノシ,オガタマチフナガワ,大分県,豊後大野市,緒方町鮒川
8796754,オオイタケン,ブンゴオオノシ,オガタマチフユバル,大分県,豊後大野市,緒方町冬原
8796623,オオイタケン,ブンゴオオノシ,オガタマチマセバタ,大分県,豊後大野市,緒方町馬背畑
8796752,オオイタケン,ブンゴオオノシ,オガタマチユギ,大分県,豊後大野市,緒方町柚木
8796902,オオイタケン,ブンゴオオノシ,キヨカワマチアマヅツミ,大分県,豊後大野市,清川町雨堤
8796901,オオイタケン,ブンゴオオノシ,キヨカワマチウスオ,大分県,豊後大野市,清川町臼尾
8796911,オオイタケン,ブンゴオオノシ,キヨカワマチウタエダ,大分県,豊後大野市,清川町宇田枝
8796922,オオイタケン,ブンゴオオノシ,キヨカワマチオオシロタニ,大分県,豊後大野市,清川町大白谷
8796903,オオイタケン,ブンゴオオノシ,キヨカワマチスナダ,大分県,豊後大野市,清川町砂田
8796914,オオイタケン,ブンゴオオノシ,キヨカワマチソウチ,大分県,豊後大野市,清川町左右知
8796904,オオイタケン,ブンゴオオノシ,キヨカワマチテンジン,大分県,豊後大野市,清川町天神
8796913,オオイタケン,ブンゴオオノシ,キヨカワマチヒライシ,大分県,豊後大野市,清川町平石
8796921,オオイタケン,ブンゴオオノシ,キヨカワマチフセノ,大分県,豊後大野市,清川町伏野
8796905,オオイタケン,ブンゴオオノシ,キヨカワマチミタマ,大分県,豊後大野市,清川町三玉
8796912,オオイタケン,ブンゴオオノシ,キヨカワマチムクサ,大分県,豊後大野市,清川町六種
8797403,オオイタケン,ブンゴオオノシ,チトセマチイシダ,大分県,豊後大野市,千歳町石田
8797411,オオイタケン,ブンゴオオノシ,チトセマチシバヤマ,大分県,豊後大野市,千歳町柴山
8797413,オオイタケン,ブンゴオオノシ,チトセマチシモヤマ,大分県,豊後大野市,千歳町下山
8797412,オオイタケン,ブンゴオオノシ,チトセマチタカハタ,大分県,豊後大野市,千歳町高畑
8797404,オオイタケン,ブンゴオオノシ,チトセマチナガミネ,大分県,豊後大野市,千歳町長峰
8797401,オオイタケン,ブンゴオオノシ,チトセマチニイドノ,大分県,豊後大野市,千歳町新殿
8797402,オオイタケン,ブンゴオオノシ,チトセマチフナダ,大分県,豊後大野市,千歳町船田
8797414,オオイタケン,ブンゴオオノシ,チトセマチマエダ,大分県,豊後大野市,千歳町前田
8797111,オオイタケン,ブンゴオオノシ,ミエマチアカミネ,大分県,豊後大野市,三重町赤嶺
8797141,オオイタケン,ブンゴオオノシ,ミエマチアキバ,大分県,豊後大野市,三重町秋葉
8797108,オオイタケン,ブンゴオオノシ,ミエマチアサセ,大分県,豊後大野市,三重町浅瀬
8797105,オオイタケン,ブンゴオオノシ,ミエマチアシカリ,大分県,豊後大野市,三重町芦刈
8797106,オオイタケン,ブンゴオオノシ,ミエマチイサコ,大分県,豊後大野市,三重町井迫
8797131,オオイタケン,ブンゴオオノシ,ミエマチイチバ,大分県,豊後大野市,三重町市場
8797125,オオイタケン,ブンゴオオノシ,ミエマチウチダ,大分県,豊後大野市,三重町内田
8797124,オオイタケン,ブンゴオオノシ,ミエマチウチヤマ,大分県,豊後大野市,三重町内山
8797264,オオイタケン,ブンゴオオノシ,ミエマチオオシロタニ,大分県,豊後大野市,三重町大白谷
8797262,オオイタケン,ブンゴオオノシ,ミエマチオクバタ,大分県,豊後大野市,三重町奥畑
8797104,オオイタケン,ブンゴオオノシ,ミエマチオサカ,大分県,豊後大野市,三重町小坂
8797142,オオイタケン,ブンゴオオノシ,ミエマチオダ,大分県,豊後大野市,三重町小田
8797107,オオイタケン,ブンゴオオノシ,ミエマチカミタワラ,大分県,豊後大野市,三重町上田原
8797154,オオイタケン,ブンゴオオノシ,ミエマチカワベ,大分県,豊後大野市,三重町川辺
8797102,オオイタケン,ブンゴオオノシ,ミエマチスゴウ,大分県,豊後大野市,三重町菅生
8797153,オオイタケン,ブンゴオオノシ,ミエマチタマダ,大分県,豊後大野市,三重町玉田
8797263,オオイタケン,ブンゴオオノシ,ミエマチナカヅル,大分県,豊後大野市,三重町中津留
8797151,オオイタケン,ブンゴオオノシ,ミエマチニシイズミ,大分県,豊後大野市,三重町西泉
8797103,オオイタケン,ブンゴオオノシ,ミエマチニシハタ,大分県,豊後大野市,三重町西畑
8797143,オオイタケン,ブンゴオオノシ,ミエマチヒサダ,大分県,豊後大野市,三重町久田
8797261,オオイタケン,ブンゴオオノシ,ミエマチフセノ,大分県,豊後大野市,三重町伏野
8797144,オオイタケン,ブンゴオオノシ,ミエマチホンジョウ,大分県,豊後大野市,三重町本城
8797123,オオイタケン,ブンゴオオノシ,ミエマチマツオ,大分県,豊後大野市,三重町松尾
8797101,オオイタケン,ブンゴオオノシ,ミエマチミヤノ,大分県,豊後大野市,三重町宮野
8797155,オオイタケン,ブンゴオオノシ,ミエマチムコウノ,大分県,豊後大野市,三重町向野
8797152,オオイタケン,ブンゴオオノシ,ミエマチモモエダ,大分県,豊後大野市,三重町百枝
8797121,オオイタケン,ブンゴオオノシ,ミエマチヤマブ,大分県,豊後大野市,三重町山部
8797122,オオイタケン,ブンゴオオノシ,ミエマチワシダニ,大分県,豊後大野市,三重町鷲谷
8795400,オオイタケン,ユフシ,イカニケイサイガナイバアイ,大分県,由布市,以下に掲載がない場合
8795423,オオイタケン,ユフシ,ショウナイチョウアソノ,大分県,由布市,庄内町阿蘇野
8795404,オオイタケン,ユフシ,ショウナイチョウイチギ,大分県,由布市,庄内町櫟木
8795413,オオイタケン,ユフシ,ショウナイチョウオオタツ,大分県,由布市,庄内町大龍
8795402,オオイタケン,ユフシ,ショウナイチョウオバサマ,大分県,由布市,庄内町小挾間
8795421,オオイタケン,ユフシ,ショウナイチョウカキハル,大分県,由布市,庄内町柿原
8795401,オオイタケン,ユフシ,ショウナイチョウキタオオツル,大分県,由布市,庄内町北大津留
8795412,オオイタケン,ユフシ,ショウナイチョウゴカセ,大分県,由布市,庄内町五ケ瀬
8795434,オオイタケン,ユフシ,ショウナイチョウショウナイバル,大分県,由布市,庄内町庄内原
8795433,オオイタケン,ユフシ,ショウナイチョウタカオカ,大分県,由布市,庄内町高岡
8795411,オオイタケン,ユフシ,ショウナイチョウタツハル,大分県,由布市,庄内町龍原
8795424,オオイタケン,ユフシ,ショウナイチョウナオノウチヤマ,大分県,由布市,庄内町直野内山
8795435,オオイタケン,ユフシ,ショウナイチョウナカ,大分県,由布市,庄内町中
8795431,オオイタケン,ユフシ,ショウナイチョウナガノ,大分県,由布市,庄内町長野
8795436,オオイタケン,ユフシ,ショウナイチョウニシ,大分県,由布市,庄内町西
8795408,オオイタケン,ユフシ,ショウナイチョウニシオオツル,大分県,由布市,庄内町西大津留
8795406,オオイタケン,ユフシ,ショウナイチョウニシチョウホウ,大分県,由布市,庄内町西長宝
8795422,オオイタケン,ユフシ,ショウナイチョウノバタケ,大分県,由布市,庄内町野畑
8795432,オオイタケン,ユフシ,ショウナイチョウハタケダ,大分県,由布市,庄内町畑田
8795403,オオイタケン,ユフシ,ショウナイチョウヒガシオオツル,大分県,由布市,庄内町東大津留
8795405,オオイタケン,ユフシ,ショウナイチョウヒガシチョウホウ,大分県,由布市,庄内町東長宝
8795437,オオイタケン,ユフシ,ショウナイチョウヒライシ,大分県,由布市,庄内町平石
8795425,オオイタケン,ユフシ,ショウナイチョウフチ,大分県,由布市,庄内町渕
8795407,オオイタケン,ユフシ,ショウナイチョウミナミオオツル,大分県,由布市,庄内町南大津留
8795516,オオイタケン,ユフシ,ハサママチアカノ,大分県,由布市,挾間町赤野
8795503,オオイタケン,ユフシ,ハサママチイダイガオカ,大分県,由布市,挾間町医大ケ丘
8795517,オオイタケン,ユフシ,ハサママチウチナリ,大分県,由布市,挾間町内成
8795521,オオイタケン,ユフシ,ハサママチオニガセ,大分県,由布市,挾間町鬼瀬
8795501,オオイタケン,ユフシ,ハサママチオニザキ,大分県,由布市,挾間町鬼崎
8795522,オオイタケン,ユフシ,ハサママチオノ,大分県,由布市,挾間町小野
8795518,オオイタケン,ユフシ,ハサママチキタガタ,大分県,由布市,挾間町北方
8795512,オオイタケン,ユフシ,ハサママチクバチ,大分県,由布市,挾間町来鉢
8795523,オオイタケン,ユフシ,ハサママチシノハラ,大分県,由布市,挾間町篠原
8795504,オオイタケン,ユフシ,ハサママチシモイチ,大分県,由布市,挾間町下市
8795513,オオイタケン,ユフシ,ハサママチタカザキ,大分県,由布市,挾間町高崎
8795519,オオイタケン,ユフシ,ハサママチタシロ,大分県,由布市,挾間町田代
8795531,オオイタケン,ユフシ,ハサママチタニ,大分県,由布市,挾間町谷
8795532,オオイタケン,ユフシ,ハサママチツツグチ,大分県,由布市,挾間町筒口
8795510,オオイタケン,ユフシ,ハサママチトイ,大分県,由布市,挾間町東院
8795524,オオイタケン,ユフシ,ハサママチトキマツ,大分県,由布市,挾間町時松
8795514,オオイタケン,ユフシ,ハサママチナナゾウシ,大分県,由布市,挾間町七蔵司
8795506,オオイタケン,ユフシ,ハサママチハサマ,大分県,由布市,挾間町挾間
8795511,オオイタケン,ユフシ,ハサママチフルノ,大分県,由布市,挾間町古野
8795525,オオイタケン,ユフシ,ハサママチホオノキ,大分県,由布市,挾間町朴木
8795515,オオイタケン,ユフシ,ハサママチミフネ,大分県,由布市,挾間町三船
8795502,オオイタケン,ユフシ,ハサママチムカイノハル,大分県,由布市,挾間町向原
8795102,オオイタケン,ユフシ,ユフインチョウカワカミ,大分県,由布市,湯布院町川上
8795114,オオイタケン,ユフシ,ユフインチョウカワキタ,大分県,由布市,湯布院町川北
8795113,オオイタケン,ユフシ,ユフインチョウカワニシ,大分県,由布市,湯布院町川西
8795103,オオイタケン,ユフシ,ユフインチョウカワミナミ,大分県,由布市,湯布院町川南
8795111,オオイタケン,ユフシ,ユフインチョウシモユノヒラ,大分県,由布市,湯布院町下湯平
8795101,オオイタケン,ユフシ,ユフインチョウツカワラ,大分県,由布市,湯布院町塚原
8795104,オオイタケン,ユフシ,ユフインチョウナカガワ,大分県,由布市,湯布院町中川
8795112,オオイタケン,ユフシ,ユフインチョウユノヒラ,大分県,由布市,湯布院町湯平
8730500,オオイタケン,クニサキシ,イカニケイサイガナイバアイ,大分県,国東市,以下に掲載がない場合
8730351,オオイタケン,クニサキシ,アキマチアサク,大分県,国東市,安岐町朝来
8730354,オオイタケン,クニサキシ,アキマチイトナガ,大分県,国東市,安岐町糸永
8730223,オオイタケン,クニサキシ,アキマチオオソエ,大分県,国東市,安岐町大添
8730205,オオイタケン,クニサキシ,アキマチカケヒ,大分県,国東市,安岐町掛樋
8730232,オオイタケン,クニサキシ,アキマチコウヨウダイ,大分県,国東市,安岐町向陽台
8730212,オオイタケン,クニサキシ,アキマチシオヤ,大分県,国東市,安岐町塩屋
8730231,オオイタケン,クニサキシ,アキマチシモバル,大分県,国東市,安岐町下原
8730222,オオイタケン,クニサキシ,アキマチシモヤマグチ,大分県,国東市,安岐町下山口
8730202,オオイタケン,クニサキシ,アキマチセドタ,大分県,国東市,安岐町瀬戸田
8730355,オオイタケン,クニサキシ,アキマチトミキヨ,大分県,国東市,安岐町富清
8730203,オオイタケン,クニサキシ,アキマチナカソノ,大分県,国東市,安岐町中園
8730204,オオイタケン,クニサキシ,アキマチナリヒサ,大分県,国東市,安岐町成久
8730221,オオイタケン,クニサキシ,アキマチニシモト,大分県,国東市,安岐町西本
8730211,オオイタケン,クニサキシ,アキマチババ,大分県,国東市,安岐町馬場
8730356,オオイタケン,クニサキシ,アキマチフタゴ,大分県,国東市,安岐町両子
8730352,オオイタケン,クニサキシ,アキマチメイジ,大分県,国東市,安岐町明治
8730053,オオイタケン,クニサキシ,アキマチヤガワ(アマツツミ),大分県,国東市,安岐町矢川（天堤）
8730353,オオイタケン,クニサキシ,アキマチヤガワ(ソノタ),大分県,国東市,安岐町矢川（その他）
8730206,オオイタケン,クニサキシ,アキマチヤマウラ,大分県,国東市,安岐町山浦
8730224,オオイタケン,クニサキシ,アキマチヤマグチ,大分県,国東市,安岐町山口
8730207,オオイタケン,クニサキシ,アキマチユルギ,大分県,国東市,安岐町油留木
8730201,オオイタケン,クニサキシ,アキマチヨシマツ,大分県,国東市,安岐町吉松
8730523,オオイタケン,クニサキシ,クニサキマチアカマツ,大分県,国東市,国東町赤松
8730504,オオイタケン,クニサキシ,クニサキマチアンコクジ,大分県,国東市,国東町安国寺
8721653,オオイタケン,クニサキシ,クニサキマチイワトウジ,大分県,国東市,国東町岩戸寺
8730522,オオイタケン,クニサキシ,クニサキマチイワヤ,大分県,国東市,国東町岩屋
8730511,オオイタケン,クニサキシ,クニサキマチオハラ,大分県,国東市,国東町小原
8730531,オオイタケン,クニサキシ,クニサキマチカワラ,大分県,国東市,国東町川原
8730501,オオイタケン,クニサキシ,クニサキマチキタエ,大分県,国東市,国東町北江
8721652,オオイタケン,クニサキシ,クニサキマチクノウラ,大分県,国東市,国東町来浦
8730533,オオイタケン,クニサキシ,クニサキマチケンジ,大分県,国東市,国東町見地
8730514,オオイタケン,クニサキシ,クニサキマチシゲフジ,大分県,国東市,国東町重藤
8730534,オオイタケン,クニサキシ,クニサキマチシモジョウブツ,大分県,国東市,国東町下成仏
8730535,オオイタケン,クニサキシ,クニサキマチジョウブツ,大分県,国東市,国東町成仏
8730512,オオイタケン,クニサキシ,クニサキマチジロウマル,大分県,国東市,国東町治郎丸
8730646,オオイタケン,クニサキシ,クニサキマチダイオンジ,大分県,国東市,国東町大恩寺
8730502,オオイタケン,クニサキシ,クニサキマチタブカ,大分県,国東市,国東町田深
8730513,オオイタケン,クニサキシ,クニサキマチツナイ,大分県,国東市,国東町綱井
8730503,オオイタケン,クニサキシ,クニサキマチツルガワ,大分県,国東市,国東町鶴川
8730645,オオイタケン,クニサキシ,クニサキマチトミク,大分県,国東市,国東町富来
8730643,オオイタケン,クニサキシ,クニサキマチトミクウラ,大分県,国東市,国東町富来浦
8730532,オオイタケン,クニサキシ,クニサキマチナカダ,大分県,国東市,国東町中田
8721651,オオイタケン,クニサキシ,クニサキマチハマ,大分県,国東市,国東町浜
8730644,オオイタケン,クニサキシ,クニサキマチハマサキ,大分県,国東市,国東町浜崎
8730521,オオイタケン,クニサキシ,クニサキマチハル,大分県,国東市,国東町原
8730642,オオイタケン,クニサキシ,クニサキマチヒガシカタク,大分県,国東市,国東町東堅来
8730641,オオイタケン,クニサキシ,クニサキマチフカエ,大分県,国東市,国東町深江
8730524,オオイタケン,クニサキシ,クニサキマチヨコテ,大分県,国東市,国東町横手
8721405,オオイタケン,クニサキシ,クニミマチアカネ,大分県,国東市,国見町赤根
8721401,オオイタケン,クニサキシ,クニミマチイミ,大分県,国東市,国見町伊美
8721612,オオイタケン,クニサキシ,クニミマチオオクマゲ,大分県,国東市,国見町大熊毛
8721323,オオイタケン,クニサキシ,クニミマチキコ,大分県,国東市,国見町鬼籠
8721614,オオイタケン,クニサキシ,クニミマチキベ,大分県,国東市,国見町岐部
8721406,オオイタケン,クニサキシ,クニミマチクシク,大分県,国東市,国見町櫛来
8721324,オオイタケン,クニサキシ,クニミマチクシノミ,大分県,国東市,国見町櫛海
8721613,オオイタケン,クニサキシ,クニミマチコクマゲ,大分県,国東市,国見町小熊毛
8721322,オオイタケン,クニサキシ,クニミマチサイホウジ,大分県,国東市,国見町西方寺
8721404,オオイタケン,クニサキシ,クニミマチセンド,大分県,国東市,国見町千燈
8721321,オオイタケン,クニサキシ,クニミマチタケタヅ,大分県,国東市,国見町竹田津
8721402,オオイタケン,クニサキシ,クニミマチナカ,大分県,国東市,国見町中
8721403,オオイタケン,クニサキシ,クニミマチノダ,大分県,国東市,国見町野田
8721611,オオイタケン,クニサキシ,クニミマチムカタ,大分県,国東市,国見町向田
8730405,オオイタケン,クニサキシ,ムサシマチアサダ,大分県,国東市,武蔵町麻田
8730401,オオイタケン,クニサキシ,ムサシマチイケノウチ,大分県,国東市,武蔵町池ノ内
8730421,オオイタケン,クニサキシ,ムサシマチイトハル,大分県,国東市,武蔵町糸原
8730402,オオイタケン,クニサキシ,ムサシマチウチダ,大分県,国東市,武蔵町内田
8730422,オオイタケン,クニサキシ,ムサシマチオギ,大分県,国東市,武蔵町小城
8730432,オオイタケン,クニサキシ,ムサシマチコウヨウダイ,大分県,国東市,武蔵町向陽台
8730424,オオイタケン,クニサキシ,ムサシマチシワリ,大分県,国東市,武蔵町志和利
8730414,オオイタケン,クニサキシ,ムサシマチテノ,大分県,国東市,武蔵町手野
8730404,オオイタケン,クニサキシ,ムサシマチナリヨシ,大分県,国東市,武蔵町成吉
8730407,オオイタケン,クニサキシ,ムサシマチハサマ,大分県,国東市,武蔵町狭間
8730412,オオイタケン,クニサキシ,ムサシマチフルイチ,大分県,国東市,武蔵町古市
8730406,オオイタケン,クニサキシ,ムサシマチマルオノ,大分県,国東市,武蔵町丸小野
8730423,オオイタケン,クニサキシ,ムサシマチミイデラ,大分県,国東市,武蔵町三井寺
8730415,オオイタケン,クニサキシ,ムサシマチヨシヒロ,大分県,国東市,武蔵町吉広
8721501,オオイタケン,ヒガシクニサキグンヒメシマムラ,ヒメシマムライチエン,大分県,東国東郡姫島村,姫島村一円
8791500,オオイタケン,ハヤミグンヒジマチ,イカニケイサイガナイバアイ,大分県,速見郡日出町,以下に掲載がない場合
8791506,オオイタケン,ハヤミグンヒジマチ,ヒジマチノツギニバンチガクルバアイ,大分県,速見郡日出町,日出町の次に番地がくる場合
8791504,オオイタケン,ハヤミグンヒジマチ,オオガ,大分県,速見郡日出町,大神
8791505,オオイタケン,ハヤミグンヒジマチ,カワサキ,大分県,速見郡日出町,川崎
8791507,オオイタケン,ハヤミグンヒジマチ,トヨオカ,大分県,速見郡日出町,豊岡
8791508,オオイタケン,ハヤミグンヒジマチ,ヒラミチ,大分県,速見郡日出町,平道
8791501,オオイタケン,ハヤミグンヒジマチ,ヒロセ,大分県,速見郡日出町,広瀬
8791502,オオイタケン,ハヤミグンヒジマチ,フジワラ,大分県,速見郡日出町,藤原
8791503,オオイタケン,ハヤミグンヒジマチ,マナイ,大分県,速見郡日出町,真那井
8791509,オオイタケン,ハヤミグンヒジマチ,ミナミハタ,大分県,速見郡日出町,南畑
8794800,オオイタケン,クスグンココノエマチ,イカニケイサイガナイバアイ,大分県,玖珠郡九重町,以下に掲載がない場合
8794721,オオイタケン,クスグンココノエマチ,アワノ,大分県,玖珠郡九重町,粟野
8794803,オオイタケン,クスグンココノエマチ,ウシロノガミ,大分県,玖珠郡九重町,後野上
8794631,オオイタケン,クスグンココノエマチ,エラ,大分県,玖珠郡九重町,恵良
8794724,オオイタケン,クスグンココノエマチ,スガワラ,大分県,玖珠郡九重町,菅原
8794911,オオイタケン,クスグンココノエマチ,タノ,大分県,玖珠郡九重町,田野
8794802,オオイタケン,クスグンココノエマチ,ノガミ,大分県,玖珠郡九重町,野上
8794722,オオイタケン,クスグンココノエマチ,ヒキジ,大分県,玖珠郡九重町,引治
8794723,オオイタケン,クスグンココノエマチ,マチダ,大分県,玖珠郡九重町,町田
8794632,オオイタケン,クスグンココノエマチ,マツギ,大分県,玖珠郡九重町,松木
8794801,オオイタケン,クスグンココノエマチ,ミギタ(1-1464バンチ),大分県,玖珠郡九重町,右田（１～１４６４番地）
8794601,オオイタケン,クスグンココノエマチ,ミギタ(ソノタ),大分県,玖珠郡九重町,右田（その他）
8794912,オオイタケン,クスグンココノエマチ,ユツボ,大分県,玖珠郡九重町,湯坪
8794400,オオイタケン,クスグンクスマチ,イカニケイサイガナイバアイ,大分県,玖珠郡玖珠町,以下に掲載がない場合
8794402,オオイタケン,クスグンクスマチ,アヤガキ,大分県,玖珠郡玖珠町,綾垣
8794405,オオイタケン,クスグンクスマチ,イワムロ,大分県,玖珠郡玖珠町,岩室
8794414,オオイタケン,クスグンクスマチ,オオクマ,大分県,玖珠郡玖珠町,大隈
8794521,オオイタケン,クスグンクスマチ,オオタ,大分県,玖珠郡玖珠町,太田
8794411,オオイタケン,クスグンクスマチ,オタ,大分県,玖珠郡玖珠町,小田
8794523,オオイタケン,クスグンクスマチ,コゴ,大分県,玖珠郡玖珠町,古後
8794413,オオイタケン,クスグンクスマチ,ツカワキ,大分県,玖珠郡玖珠町,塚脇
8794331,オオイタケン,クスグンクスマチ,トバタ,大分県,玖珠郡玖珠町,戸畑
8794406,オオイタケン,クスグンクスマチ,ヒジウ,大分県,玖珠郡玖珠町,日出生
8794403,オオイタケン,クスグンクスマチ,ホアシ,大分県,玖珠郡玖珠町,帆足
8794404,オオイタケン,クスグンクスマチ,モリ,大分県,玖珠郡玖珠町,森
8794332,オオイタケン,クスグンクスマチ,ヤマウラ(アキハタ、オギワラ、シモソノ、シモノテラ、スギカワチ、センシュウ、ソウズ、ナカノ、ナカ,大分県,玖珠郡玖珠町,山浦（秋畑、荻原、下園、下ノ寺、杉河内、千重、早水、中野、中
8794332,オオイタケン,クスグンクスマチ,ヅマリ、ハナガ、ボクジョウ),大分県,玖珠郡玖珠町,泊里、花香、牧場）
8794732,オオイタケン,クスグンクスマチ,ヤマウラ(ダイ1ダイゲンヤ、ダイ2ダイゲンヤ、アソヅル),大分県,玖珠郡玖珠町,山浦（第一大原野、第二大原野、阿蘇釣）
8794522,オオイタケン,クスグンクスマチ,ヤマシタ,大分県,玖珠郡玖珠町,山下
8794412,オオイタケン,クスグンクスマチ,ヤマダ,大分県,玖珠郡玖珠町,山田
8794401,オオイタケン,クスグンクスマチ,ヨッカイチ(1-899バンチ),大分県,玖珠郡玖珠町,四日市（１～８９９番地）
8794301,オオイタケン,クスグンクスマチ,ヨッカイチ(ソノタ),大分県,玖珠郡玖珠町,四日市（その他）